Date,Open_norm,High_norm,Low_norm,Close_norm,Volume_norm,High-Open_norm,Low-Open_norm,Close-Open_norm,Label_2up1down
01/04/2020,0.424587919,0.325629975,0.445425557,0.444209717,0.187485416,0.493448458,0.887337511,0.568367022,2
02/04/2020,0.778879089,0.795312927,0.736065129,0.797701531,0.445138955,0.821627869,0.826838762,0.730772556,1
03/04/2020,0.853803991,0.435964476,0.626517291,0.372486663,0.160943335,0.174091401,0.435486834,0.093004491,2
06/04/2020,0.427454558,0.266518786,0.635065144,0.619721977,0.182685275,0.235476769,0.869836215,0.546102601,2
07/04/2020,0.876632473,0.689533633,0.761913454,0.567102811,0.283049149,0.096776378,0.676090778,0.194019804,2
08/04/2020,0.489658737,0.487720624,0.590121675,0.744777379,0.130906105,0.492485694,0.908622388,0.746847922,1
09/04/2020,0.908041376,0.68790574,0.585912476,0.424815547,0.469951587,0.271806517,0.346502144,0.111351085,1
13/04/2020,0.489371059,0.215388102,0.581787493,0.456289966,0.073854202,0.053372172,0.554435296,0.198458485,1
14/04/2020,0.448236239,0.31643024,0.553173354,0.459747523,0.238612206,0.172413823,0.79756339,0.361466754,1
15/04/2020,0.393314028,0.132413317,0.310165457,0.30624212,0.250384895,0.014466271,0.684454621,0.365237571,1
16/04/2020,0.527068836,0.347855125,0.511952356,0.358837677,0.207190375,0,0.694210944,0.232453753,2
17/04/2020,0.518610845,0.731264557,0.658624299,0.908039333,0.32402547,0.852672748,0.997997057,1,1
20/04/2020,0.663471432,0.35120787,0.628355607,0.301255186,0.2155839,0.482730906,0.958845177,0.518178798,1
21/04/2020,0.543256121,0.347188036,0.466516255,0.469281315,0.266686363,0.423295724,0.847790922,0.539960876,2
22/04/2020,0.792526094,0.49849408,0.791078119,0.605390438,0.109180037,0.07657483,0.861275926,0.376099314,2
23/04/2020,0.626407528,0.595430781,0.652641014,0.616498054,0.318842445,0.350663764,0.940748268,0.497558096,0
24/04/2020,0.693641376,0.435540936,0.589887746,0.516595014,0.170426623,0.10909139,0.771570681,0.349392592,0
27/04/2020,0.505083899,0.354351205,0.473029889,0.510003758,0.22320213,0.16554459,0.75083721,0.50157271,2
28/04/2020,0.647966524,0.521938709,0.742621722,0.584824152,0.208698271,0.227242848,0.953203639,0.537731946,2
29/04/2020,0.745636825,0.633601536,0.750688877,0.712993798,0.260929687,0.286337685,0.982736903,0.619469127,1
30/04/2020,0.698584678,0.419758988,0.524232173,0.406992216,0.304908976,0,0.680089838,0.281677693,1
01/05/2020,0.407218573,0.28903768,0.309536369,0.2030728,0.21351981,0.164642302,0.53970485,0.089526746,2
04/05/2020,0.306864275,0.269925554,0.48427643,0.652634871,0.159376315,0.565059935,0.945520449,0.815697172,1
05/05/2020,0.926006041,0.635819765,0.797353482,0.486254804,0.247162084,0.190180171,0.723786495,0.245246672,1
06/05/2020,0.463539522,0.230731065,0.488902901,0.415511032,0.158799329,0.074803508,0.816924073,0.311009214,0
07/05/2020,0.57985566,0.412113388,0.565642307,0.513540006,0.220548337,0.068157962,0.824151399,0.343310227,2
08/05/2020,0.607995751,0.507575718,0.653776744,0.666756212,0.197395656,0.198530172,0.941836139,0.57510865,1
11/05/2020,0.647026072,0.410144919,0.607650604,0.452479989,0.261761594,0.019294227,0.89608249,0.39590252,1
12/05/2020,0.518048713,0.359927319,0.433136412,0.348553488,0.27046636,0.054409179,0.771425942,0.260323013,1
13/05/2020,0.430969235,0.232821805,0.323567507,0.291472857,0.291323607,0.029378841,0.609279155,0.176337781,0
14/05/2020,0.335860341,0.275238183,0.420309095,0.526148985,0.168583108,0.356218242,0.830829368,0.645854442,1
15/05/2020,0.703332053,0.461291968,0.728300368,0.462257466,0.19785336,0.146945729,0.900127025,0.389700298,2
18/05/2020,0.765673802,0.6839343,0.77680068,0.809951183,0.356396754,0.262711092,0.938845689,0.588076542,1
19/05/2020,0.679624758,0.516906616,0.546902407,0.366777106,0.130298771,0.234377217,0.715974517,0.216063039,2
20/05/2020,0.496488713,0.309679859,0.619136105,0.621366481,0.193578369,0.212677851,0.991051201,0.559360876,1
21/05/2020,0.649877906,0.433071958,0.542416235,0.419060794,0.223742351,0.076139821,0.815463777,0.321246495,0
22/05/2020,0.456267226,0.300846226,0.47175696,0.494330028,0.168287871,0.13913113,0.891223472,0.530906668,2
26/05/2020,0.728908775,0.578106677,0.750752885,0.608632813,0.324456384,0.121023367,0.952858947,0.473184995,0
27/05/2020,0.656742812,0.494644359,0.553627078,0.519580999,0.233629763,0.101689325,0.786057911,0.389471706,1
28/05/2020,0.557725978,0.346493103,0.515485011,0.386552139,0.211335561,0.006386813,0.741997731,0.251662038,0
29/05/2020,0.440111278,0.336720503,0.507677815,0.52905073,0.32211629,0.191878425,0.919818837,0.544181229,2
01/06/2020,0.621324246,0.487781386,0.599026068,0.562235352,0.147156629,0.246472364,0.908368503,0.588152511,2
02/06/2020,0.711571192,0.510047243,0.738534315,0.580066424,0.279501316,0.124459803,0.981253346,0.511931728,2
03/06/2020,0.67340499,0.599059799,0.664902161,0.654485123,0.242113056,0.288314541,0.991681345,0.618764907,1
04/06/2020,0.649703748,0.389091994,0.577125278,0.479313385,0.166637897,0.054602505,0.882365969,0.478346508,2
05/06/2020,0.801280136,0.810095377,0.853576666,0.816114265,0.5923437,0.344493679,0.992268618,0.630961895,2
08/06/2020,0.812228916,0.574669833,0.707692192,0.616265073,0.170457556,0.115614615,0.816110837,0.451126832,1
09/06/2020,0.444263397,0.297894718,0.481171336,0.401261666,0.170402634,0.203757864,0.935060602,0.528386081,1
10/06/2020,0.623573632,0.372497889,0.413638135,0.275466364,0.270261104,0,0.567112149,0.098073242,1
11/06/2020,0.136006229,0.01588034,0.192386818,0.136462956,0.305178184,0.272447748,0.759730149,0.261762271,2
12/06/2020,0.619641378,0.391622159,0.542074644,0.576782469,0.163831775,0.119344601,0.645914806,0.329515044,1
15/06/2020,0.355817636,0.331649245,0.454889615,0.488173965,0.197422009,0.525314046,0.894341651,0.708531116,2
16/06/2020,0.945140928,0.601656373,0.788488824,0.580991095,0.208506386,0.03589497,0.624623062,0.266800522,1
17/06/2020,0.451986747,0.263984345,0.503208163,0.359973997,0.147233315,0.026772255,0.767073863,0.260850209,0
18/06/2020,0.421531497,0.336501118,0.485630422,0.515691617,0.261736209,0.26154379,0.941113609,0.564350477,1
19/06/2020,0.758146193,0.501498124,0.577985343,0.410306156,0.613612784,0.008199372,0.629018648,0.142946435,0
22/06/2020,0.369763571,0.240558701,0.507058217,0.529140136,0.033265392,0.16226296,0.949312197,0.553888465,0
23/06/2020,0.681926058,0.488518501,0.658967232,0.514940276,0.25049185,0.067445966,0.93188861,0.420651175,1
24/06/2020,0.493754023,0.290728712,0.359561844,0.301621148,0.366574174,0.010765529,0.71124354,0.246562485,2
25/06/2020,0.417027722,0.340849503,0.506888092,0.551165197,0.136571985,0.267043015,0.934733806,0.616081028,1
26/06/2020,0.651715925,0.381947116,0.541137274,0.352980511,0.41745434,0.013214782,0.754440061,0.263922391,2
29/06/2020,0.48294975,0.375672902,0.562859343,0.55514553,0.088291603,0.17373887,0.950782201,0.525346861,0
30/06/2020,0.542920344,0.451909663,0.523082766,0.52695624,0.317758356,0.350518078,0.950351558,0.644236071,1
01/07/2020,0.673718738,0.453587717,0.607788606,0.400066145,0.160763981,0.197745478,0.852807988,0.333318832,0
02/07/2020,0.588768769,0.393066972,0.583616109,0.524706844,0.243428141,0.126277025,0.876504929,0.369060634,0
06/07/2020,0.581646291,0.401040618,0.55062076,0.518957176,0.301567492,0.090730035,0.851614292,0.407461793,1
07/07/2020,0.509060831,0.303130292,0.490411875,0.386732329,0.156726552,0.022516875,0.856287676,0.349761003,1
08/07/2020,0.509666421,0.40487633,0.533244506,0.48144314,0.242576245,0.178686763,0.942626182,0.447195171,1
09/07/2020,0.554307935,0.32616526,0.409888603,0.32509714,0.35281015,0.046083487,0.700291068,0.212431773,2
10/07/2020,0.413161462,0.370950556,0.54009467,0.615928006,0.146158319,0.382228747,0.996115655,0.693638123,0
13/07/2020,0.75606379,0.473889188,0.672428837,0.491667918,0.24441514,0.071297859,0.860643956,0.399713365,2
14/07/2020,0.535818527,0.506687525,0.561996807,0.623404285,0.248605043,0.385826411,0.949300919,0.687065801,2
15/07/2020,0.809633257,0.504761769,0.749320991,0.541735644,0.169176566,0.0131716,0.854573783,0.390250597,1
16/07/2020,0.513995922,0.383864948,0.519897896,0.4592463,0.180782432,0.111544334,0.906279863,0.444264008,1
17/07/2020,0.579000425,0.399930933,0.521405029,0.42182933,0.294971371,0.080274972,0.830658975,0.328447945,1
20/07/2020,0.47732032,0.292000294,0.472595352,0.396644082,0.237237319,0.068630185,0.86508219,0.340564186,2
21/07/2020,0.571725722,0.587759633,0.620216017,0.693798199,0.39470726,0.467334679,0.99259679,0.677539173,1
22/07/2020,0.668846944,0.307422622,0.583934624,0.397227013,0.148698107,0,0.858909986,0.368212044,0
23/07/2020,0.51004892,0.378111408,0.525794015,0.499011182,0.17884373,0.095661443,0.930076038,0.494220865,1
24/07/2020,0.620945316,0.474400235,0.575360849,0.46592516,0.201572991,0.121647748,0.874421598,0.381217376,2
27/07/2020,0.518646175,0.378318472,0.538065868,0.549881475,0.2665305,0.196649481,0.951969593,0.576622057,1
28/07/2020,0.639409681,0.428621524,0.606084917,0.443361675,0.237695623,0.076541144,0.918157146,0.394754985,0
29/07/2020,0.559206619,0.395664942,0.547683372,0.534970579,0.147605646,0.085937615,0.932399388,0.496910064,1
30/07/2020,0.524750706,0.31822329,0.415415101,0.293800546,0.564429271,0.011459434,0.759289751,0.256424189,0
31/07/2020,0.396618438,0.305709321,0.46838457,0.510860465,0.249631353,0.242563004,0.951493985,0.595848352,0
03/08/2020,0.662710314,0.447711859,0.615507757,0.506943758,0.141614704,0.105785595,0.889848233,0.480028267,2
04/08/2020,0.604484008,0.529852763,0.635624612,0.606639922,0.157440721,0.294170004,0.98113862,0.624395223,0
05/08/2020,0.746241254,0.486191895,0.68498688,0.525817381,0.21783634,0.035823509,0.887851403,0.403993402,1
06/08/2020,0.51004892,0.370021296,0.532546629,0.471502756,0.178921005,0.113883167,0.972398233,0.485120651,1
07/08/2020,0.561727982,0.37273673,0.517121768,0.472329937,0.317852527,0.066312196,0.922412257,0.480696083,2
10/08/2020,0.64672678,0.525002652,0.635154222,0.589603271,0.317727271,0.137073294,0.929198061,0.526529395,0
11/08/2020,0.71293663,0.597746329,0.665928782,0.532212898,0.284589541,0.199873327,0.864851715,0.372047744,1
12/08/2020,0.486841103,0.267077647,0.457672149,0.412174554,0.159505638,0.106721187,0.850913418,0.39394232,1
13/08/2020,0.491841744,0.303803234,0.491971145,0.392397536,0.157747844,0.084079571,0.89351926,0.374574825,0
14/08/2020,0.495411045,0.350934289,0.510074709,0.508460137,0.161871722,0.157789754,0.964381811,0.541430291,1
17/08/2020,0.630119829,0.400551562,0.564901245,0.438690859,0.270818335,0,0.870507365,0.367909483,1
18/08/2020,0.524094436,0.414220931,0.541592867,0.470957231,0.177774087,0.139258521,0.943747288,0.423992776,1
19/08/2020,0.554934933,0.356290763,0.518119177,0.446261225,0.26114377,0.07235849,0.909485454,0.388104475,1
20/08/2020,0.515596735,0.330004776,0.502937477,0.4294999,0.252417281,0.047421911,0.925292707,0.390302674,1
21/08/2020,0.540228127,0.352386442,0.50016608,0.46061055,0.417150103,0.009574127,0.885913821,0.402501,2
24/08/2020,0.575300978,0.540859251,0.597554534,0.609166066,0.140520122,0.294540181,0.963242858,0.59860985,1
25/08/2020,0.613613053,0.365028796,0.519933876,0.363322208,0.444568155,0.097284512,0.815972593,0.325480063,1
26/08/2020,0.480409056,0.279113579,0.488154109,0.40529726,0.183766441,0.048647131,0.874235862,0.346681585,1
27/08/2020,0.514949862,0.351964537,0.487944118,0.463638154,0.286390578,0.074137756,0.862241252,0.405936033,2
28/08/2020,0.561400205,0.482098309,0.606266897,0.586687508,0.240841459,0.267967979,0.983963428,0.589157122,1
31/08/2020,0.656610977,0.389879965,0.573586255,0.416736998,0.152915613,0.019459224,0.854585496,0.335343946,1
01/09/2020,0.490627232,0.303749876,0.471231655,0.439469141,0.193713491,0,0.859365351,0.395731114,1
02/09/2020,0.52549189,0.408680299,0.54850946,0.466293349,0.280419664,0.123469173,0.943000796,0.442009263,1
03/09/2020,0.57419224,0.447616596,0.551657929,0.482532753,0.254754246,0.209300494,0.934807979,0.433608416,1
04/09/2020,0.603440326,0.384839919,0.534677014,0.487647846,0.183258062,0.082668214,0.83607032,0.385333463,1
08/09/2020,0.455973987,0.28521157,0.420385485,0.39828103,0.397558467,0.111126235,0.812093086,0.436674896,1
09/09/2020,0.587552538,0.430930444,0.621991034,0.466545015,0.12806543,0.126302368,0.910456438,0.380065929,1
10/09/2020,0.568967937,0.357065794,0.448161402,0.390239641,0.326535912,0.025829392,0.714114115,0.23028427,1
11/09/2020,0.459436055,0.286443377,0.5132554,0.479877863,0.160810562,0.047921186,0.862347041,0.40794706,1
14/09/2020,0.553788323,0.37553547,0.559067877,0.464618097,0.219217494,0.026781112,0.909127117,0.40413725,1
15/09/2020,0.56543221,0.457591713,0.527429468,0.448022717,0.199344226,0.155797624,0.871963066,0.353921195,2
16/09/2020,0.540685244,0.505820003,0.565900055,0.661167133,0.318639893,0.458194586,0.958383576,0.692444792,1
17/09/2020,0.673731285,0.391842256,0.638643019,0.489664978,0.166514809,0.166736228,0.918750477,0.528026363,1
18/09/2020,0.596270646,0.392949519,0.528955745,0.425947435,0.498762751,0.076383595,0.823384239,0.389088767,1
21/09/2020,0.461327926,0.278601397,0.444474172,0.408694518,0.152909341,0.075975967,0.835588178,0.448720952,1
22/09/2020,0.580471619,0.428222853,0.534800713,0.391556308,0.158301453,0.103026142,0.783155427,0.280822536,1
23/09/2020,0.489375948,0.282458786,0.428875861,0.36192916,0.270976762,0.038819136,0.708783638,0.216076934,1
24/09/2020,0.438580163,0.288823021,0.488248538,0.482556115,0.184059805,0.120689145,0.851421955,0.43341284,0
25/09/2020,0.531240136,0.427790541,0.57372387,0.528155261,0.189822701,0.273292414,0.971814262,0.572623662,2
28/09/2020,0.709787162,0.537101364,0.707538988,0.568368925,0.226056274,0.213792437,0.990909262,0.480565303,1
29/09/2020,0.561463268,0.312009325,0.428678835,0.373631615,0.193238847,0.031067501,0.769546366,0.313312632,0
30/09/2020,0.536547118,0.387495719,0.576050369,0.496582252,0.248385502,0.079901979,0.882423149,0.389814813,1
01/10/2020,0.480195016,0.30529204,0.415307892,0.350411123,0.426952992,0.0906879,0.799107907,0.320152092,1
02/10/2020,0.397014818,0.312061456,0.467693279,0.472551941,0.192784479,0.337164343,0.990094619,0.59771641,2
05/10/2020,0.708398918,0.46667465,0.681955056,0.583231393,0.137143268,0.127568383,0.964048117,0.531691988,1
06/10/2020,0.672146901,0.502419764,0.576470672,0.449085556,0.276850768,0.086914136,0.810414266,0.307891418,0
07/10/2020,0.521592528,0.322243458,0.546689556,0.503951325,0.193780627,0.02938551,0.897919277,0.421327275,2
08/10/2020,0.605424401,0.627834695,0.627351993,0.701621839,0.36256522,0.425979249,0.971713532,0.716832159,1
09/10/2020,0.787280462,0.490633751,0.667764392,0.431527522,0.18160724,0.074802985,0.769461845,0.275307601,1
12/10/2020,0.450886465,0.257737334,0.509090374,0.47801634,0.110033464,0.054376017,0.928324253,0.465872411,1
13/10/2020,0.59896539,0.43045088,0.543408788,0.443201025,0.279289978,0.03984746,0.855133669,0.352061544,1
14/10/2020,0.500938832,0.406895495,0.550604021,0.482515525,0.180327451,0.223473277,0.992965308,0.466114122,0
15/10/2020,0.535424733,0.363788592,0.466985363,0.525990605,0.321176877,0.222926654,0.898101027,0.595212144,1
16/10/2020,0.655823951,0.435875036,0.634664767,0.449943765,0.219081879,0.077654076,0.886146701,0.39701207,1
19/10/2020,0.546155182,0.376656126,0.499435706,0.410678325,0.240834617,0.078268933,0.833722157,0.317460193,0
20/10/2020,0.526198,0.353877543,0.551659149,0.524359011,0.219463137,0.079292054,0.921706056,0.456543279,1
21/10/2020,0.559595741,0.370551207,0.535563415,0.426404318,0.300492351,0.032448899,0.911822655,0.379971078,2
22/10/2020,0.538278857,0.593425045,0.544138168,0.696521183,0.261180461,0.53030118,0.961489945,0.782003932,1
23/10/2020,0.790520764,0.427728257,0.66395659,0.410120416,0.185350114,0.031094152,0.746511347,0.296255913,1
26/10/2020,0.42344713,0.242237899,0.4482574,0.39554229,0.26538444,0.04705766,0.84317826,0.397800933,1
27/10/2020,0.523101359,0.335330909,0.527784686,0.426933179,0.190092696,0.014909363,0.89159217,0.383195057,1
28/10/2020,0.451979147,0.299757931,0.410282303,0.33784001,0.395130777,0.086225618,0.855704612,0.340040854,2
29/10/2020,0.492225813,0.517479991,0.505435883,0.668740275,0.201971541,0.541302578,0.923724833,0.775637728,1
30/10/2020,0.703095608,0.413486242,0.678347938,0.44811304,0.299797756,0.222650069,0.901437078,0.491370903,2
02/11/2020,0.66627268,0.59330576,0.631200198,0.659318602,0.178191107,0.393731906,0.862642278,0.617550229,1
03/11/2020,0.738282612,0.416073998,0.629959971,0.422229032,0.201888719,0,0.685096969,0.242605079,1
04/11/2020,0.437356461,0.365950152,0.484395853,0.469099918,0.215992138,0.258490858,0.822372235,0.440806929,1
05/11/2020,0.589099795,0.382799046,0.636384467,0.48347869,0.188011199,0.162924039,0.944957046,0.409270169,1
06/11/2020,0.545224389,0.377244885,0.494371837,0.443529572,0.258252754,0.16724009,0.884190602,0.385085116,2
09/11/2020,0.97379892,1,0.993879631,0.998930875,0.609208237,0.431555366,0.921061355,0.540895759,1
10/11/2020,0.645610931,0.342699362,0.549920414,0.483118091,0.117669916,0.10138551,0.769364369,0.414965617,1
11/11/2020,0.581484538,0.374437598,0.583132702,0.449343284,0.135088095,0.007995139,0.806216247,0.340464548,1
12/11/2020,0.446094711,0.310397762,0.40868038,0.353178988,0.198909077,0.118532582,0.779526401,0.333080134,2
13/11/2020,0.526496711,0.407099189,0.619371934,0.587578349,0.210652651,0.23735268,0.995488015,0.575161389,2
16/11/2020,0.82182043,0.65305476,0.759513426,0.722143807,0.324041961,0.152522339,0.89589869,0.548532883,2
17/11/2020,0.600356463,0.476469668,0.590186089,0.544375572,0.132515509,0.235295698,0.90917759,0.598437671,1
18/11/2020,0.703748378,0.461470161,0.539213311,0.339169468,0.279099946,0.0278668,0.627509674,0.143389322,0
19/11/2020,0.358343501,0.22261889,0.488132468,0.511224257,0.187134905,0.171634068,0.935002633,0.54515254,1
20/11/2020,0.629776671,0.401195703,0.583878509,0.441354087,0.130603997,0.015879977,0.878124899,0.37646506,2
23/11/2020,0.593094962,0.657743913,0.615119057,0.753703778,0.408907605,0.508751128,0.953148362,0.775205011,2
24/11/2020,0.894580869,0.717843291,0.884228741,0.757931996,0.408717335,0.38310487,0.942830765,0.687576664,1
25/11/2020,0.690434898,0.372114513,0.603149051,0.378849702,0.106083245,0.009489115,0.804518252,0.312872869,1
27/11/2020,0.485176859,0.328134643,0.479952309,0.429741498,0.085359425,0.058289756,0.837139567,0.366239226,1
30/11/2020,0.489783205,0.294332285,0.362581104,0.28497327,0.846662178,0.019869921,0.632803521,0.172527681,0
01/12/2020,0.493766854,0.385877825,0.61336238,0.529679118,0.140012416,0.175069691,0.899560116,0.371003565,2
02/12/2020,0.519368861,0.500454772,0.545134667,0.640868155,0.1982843,0.522705352,0.989598973,0.714483354,0
03/12/2020,0.750243375,0.436873202,0.7085499,0.517863466,0.203191857,0.140615942,0.932237296,0.471718787,2
04/12/2020,0.646287954,0.537480174,0.654544417,0.637478324,0.246067668,0.24003403,0.976494602,0.595640899,1
07/12/2020,0.640252708,0.388148486,0.561096134,0.415605258,0.186913483,0.028639167,0.855395389,0.366084697,2
08/12/2020,0.492257819,0.527098353,0.535750522,0.62224339,0.32049593,0.502423789,0.982266371,0.726436643,2
09/12/2020,0.789884736,0.533876448,0.756863926,0.543945176,0.276000218,0.236075044,0.938296085,0.462591507,2
10/12/2020,0.62257774,0.489092307,0.59603758,0.604212291,0.229081276,0.290602535,0.918660353,0.57213941,1
11/12/2020,0.622978314,0.356874372,0.602459115,0.471572646,0.127166965,0.052026523,0.910453817,0.46378328,1
14/12/2020,0.635121573,0.46699568,0.46078476,0.34592267,0.287985467,0.02675229,0.610964724,0.134004017,2
15/12/2020,0.40778879,0.285240139,0.547337897,0.568690896,0.193014804,0.181677005,0.92849506,0.541779808,2
16/12/2020,0.699260912,0.505788346,0.647294283,0.55228287,0.306779333,0.081340054,0.855794943,0.441198395,1
17/12/2020,0.599809375,0.404894378,0.601297508,0.470517993,0.111802583,0.008986623,0.891099864,0.370929619,1
18/12/2020,0.511617202,0.385256965,0.465964746,0.42148474,0.589646563,0.116509442,0.84312124,0.366574699,1
21/12/2020,0.379841236,0.235472609,0.375364354,0.417451213,0.105568313,0.233240558,0.887328822,0.58321778,1
22/12/2020,0.622419618,0.392654587,0.630279091,0.422787033,0.161217308,0.076075416,0.932777086,0.394897101,2
23/12/2020,0.570559028,0.465311807,0.582068527,0.542315624,0.189614205,0.20956066,0.990380741,0.4899501,1
24/12/2020,0.590551242,0.354163892,0.551112214,0.474389281,0.052027479,0.047466545,0.94822973,0.440818504,0
28/12/2020,0.581012712,0.488202347,0.573017489,0.504236509,0.823522531,0.203913582,0.967435582,0.456615818,1
29/12/2020,0.610410015,0.366141982,0.527290454,0.445526169,0.181706294,0.018810302,0.840431339,0.328159511,0
30/12/2020,0.510439906,0.444513788,0.566073155,0.522824706,0.279717323,0.260698714,0.988406176,0.491721412,1
31/12/2020,0.590608955,0.332757639,0.529096124,0.454058993,0.214232115,0.050056748,0.903713166,0.409039631,0
04/01/2021,0.575308827,0.474324145,0.562086884,0.517994479,0.293333323,0.190785035,0.913299888,0.456660924,2
05/01/2021,0.614417507,0.686670003,0.642536195,0.684182188,0.404574452,0.699325194,0.998091613,0.709874862,2
06/01/2021,0.820081121,0.44257555,0.743391052,0.593158187,0.175314441,0.153584267,0.872324382,0.478364559,0
07/01/2021,0.629744307,0.459520231,0.637378752,0.522221232,0.169499346,0.125210683,0.916590134,0.442869851,0
08/01/2021,0.594788634,0.437069651,0.597956729,0.535368759,0.21798563,0.135591284,0.955829479,0.486583711,2
11/01/2021,0.563219691,0.543163478,0.540722425,0.612583395,0.328893727,0.460892736,0.948580017,0.711780513,2
12/01/2021,0.789657976,0.511508657,0.75808349,0.579855173,0.216675877,0.147879965,0.907452367,0.506972005,0
13/01/2021,0.666357281,0.463109427,0.627625375,0.535999542,0.162316634,0.036664202,0.861770723,0.433801084,2
14/01/2021,0.574771645,0.633447984,0.629098004,0.647415164,0.294781529,0.52584476,1,0.694371268,1
15/01/2021,0.610640334,0.233999548,0.45620237,0.29763672,0.286390704,0.034358611,0.735486392,0.311448666,2
19/01/2021,0.540029389,0.445480041,0.651487036,0.570357093,0.10247427,0.201985291,0.983516588,0.50170563,2
20/01/2021,0.631076719,0.439716993,0.61364519,0.547438405,0.195766381,0.126809159,0.980486355,0.50501437,1
21/01/2021,0.594928217,0.380103536,0.448814789,0.375642014,0.318000756,0.012022692,0.732881377,0.285930363,1
22/01/2021,0.391263359,0.250930994,0.469133871,0.43398908,0.166980955,0.132473901,0.937144804,0.50752961,1
25/01/2021,0.567964197,0.355775709,0.516634387,0.445870886,0.267942618,0.031614845,0.873994123,0.448720952,1
26/01/2021,0.607565129,0.490428344,0.531377792,0.402568376,0.199472427,0.125498484,0.761737159,0.255122861,1
27/01/2021,0.388138764,0.298054956,0.440365074,0.445220348,0.333667783,0.364648817,0.916590134,0.499916689,2
28/01/2021,0.659807917,0.405288901,0.666474662,0.553573453,0.157701957,0.139862946,0.956540975,0.465915088,1
29/01/2021,0.543649923,0.358411698,0.452583121,0.384401959,0.396850766,0.106337995,0.817662372,0.346120428,0
01/02/2021,0.579820059,0.366662725,0.538688709,0.497888519,0.114189707,0,0.773980124,0.353407945,2
02/02/2021,0.597167297,0.55283581,0.651230544,0.554175057,0.320541819,0.254625028,0.907604963,0.422857106,2
03/02/2021,0.56167981,0.477942771,0.571815999,0.648197886,0.194223007,0.441934948,0.963245902,0.706936275,2
04/02/2021,0.772180561,0.479867173,0.725191303,0.56776051,0.193400964,0.103227433,0.894920478,0.510585132,2
05/02/2021,0.684568486,0.575720213,0.715266754,0.625280897,0.343339207,0.188937414,0.977266381,0.551779167,2
08/02/2021,0.71710501,0.615422042,0.699475922,0.663509976,0.244675581,0.279546542,0.967064825,0.601257496,1
09/02/2021,0.557803488,0.290481502,0.482638542,0.377466606,0.161588775,0.056575416,0.858152571,0.443525088,0
10/02/2021,0.574094679,0.453175958,0.610430804,0.529576342,0.193229967,0.154239936,0.962143776,0.512424909,1
11/02/2021,0.597519981,0.368764226,0.42733076,0.390214983,0.241898277,0.007769924,0.668883298,0.312909404,2
12/02/2021,0.463781445,0.392463052,0.612318656,0.545495252,0.146241886,0.255975392,0.996768678,0.59387064,2
16/02/2021,0.779589367,0.575379589,0.743486047,0.611502458,0.354414527,0.108438815,0.947743426,0.458855653,2
17/02/2021,0.60689267,0.476196544,0.573445322,0.553207477,0.199700256,0.173720618,0.916097217,0.511589509,1
18/02/2021,0.611958801,0.383932659,0.563843806,0.427684758,0.169285006,0.024333091,0.856339052,0.350253754,0
19/02/2021,0.524806654,0.379460988,0.563837978,0.517735013,0.25625597,0.085363349,0.970881496,0.481562954,2
22/02/2021,0.613636075,0.606849155,0.612274769,0.638662776,0.412337453,0.417281678,1,0.662750073,2
23/02/2021,0.756903641,0.449461472,0.649229498,0.5461716,0.203059666,0.050342025,0.81988613,0.457101484,2
24/02/2021,0.592317821,0.5553511,0.645765298,0.611043544,0.18388515,0.324188643,0.953695827,0.628814162,1
25/02/2021,0.705453843,0.432065264,0.595136731,0.4241774,0.237137095,0.04684048,0.771547245,0.307786236,1
26/02/2021,0.398881448,0.238098291,0.39295105,0.390659943,0.284538812,0.11809049,0.810660055,0.443881776,2
01/03/2021,0.726912707,0.62279295,0.79270143,0.640604235,0.241851921,0.1995566,0.951916921,0.440561546,1
02/03/2021,0.589818903,0.360787665,0.550987595,0.467239424,0.172435422,0.054092571,0.911187865,0.381328757,0
03/03/2021,0.561162653,0.491976936,0.54876379,0.52294361,0.277712423,0.269815681,0.92356552,0.460387894,2
04/03/2021,0.626271459,0.530626872,0.649085796,0.646266287,0.370831057,0.406686138,0.997203707,0.631947811,2
05/03/2021,0.764804055,0.53297188,0.7042078,0.642515738,0.223101374,0.201566877,0.90389518,0.569739859,1
08/03/2021,0.692865103,0.453840853,0.608592741,0.486773863,0.149084958,0.00481552,0.77175333,0.37282815,1
09/03/2021,0.51493456,0.395869408,0.53494405,0.428736732,0.207309164,0.127212243,0.849792616,0.37487189,2
10/03/2021,0.571344587,0.451386545,0.597893162,0.613972738,0.192678963,0.228669203,0.935340909,0.584674721,1
11/03/2021,0.659533824,0.458397179,0.643549662,0.460833288,0.162261354,0.123203306,0.932781815,0.398645171,0
12/03/2021,0.56249589,0.399022639,0.57522127,0.533939566,0.173761949,0.131693674,0.993512666,0.493637198,1
15/03/2021,0.573361577,0.374916074,0.449788241,0.388379947,0.387575697,0.059480586,0.789601713,0.330968693,1
16/03/2021,0.451828162,0.250330909,0.460586674,0.405643785,0.221215186,0.019922683,0.852457987,0.401183041,0
17/03/2021,0.520769436,0.417450809,0.571767462,0.508383531,0.17730742,0.175165631,0.990475044,0.524985933,1
18/03/2021,0.585300202,0.354232032,0.411361366,0.317637166,0.38161371,0.02689352,0.689032201,0.224869989,1
19/03/2021,0.436029357,0.296401309,0.507273561,0.468115686,0.586248364,0.132475158,0.873260288,0.423185821,1
22/03/2021,0.562574358,0.363828899,0.565716898,0.449511764,0.029621872,0.062984555,0.915192814,0.379985018,1
23/03/2021,0.468046378,0.366511131,0.452117362,0.441186711,0.270347664,0.242898669,0.928774338,0.482267943,2
24/03/2021,0.659258759,0.492119207,0.682496666,0.57214479,0.193670388,0.21151998,1,0.479238012,1
25/03/2021,0.515876717,0.350167926,0.442902679,0.479326969,0.244629633,0.230967862,0.897299868,0.56436804,2
26/03/2021,0.726891955,0.515170907,0.711888313,0.600049014,0.253449809,0.082806701,0.891289809,0.495819687,1
29/03/2021,0.57997593,0.415262666,0.57511693,0.469164041,0.111524642,0.082748934,0.916435194,0.455608802,1
30/03/2021,0.544117309,0.375922648,0.540901132,0.441073712,0.21517143,0.086924544,0.948033369,0.429040852,1
31/03/2021,0.541751603,0.354219593,0.508705583,0.429830829,0.2776419,0.049118763,0.922053049,0.387979273,2
01/04/2021,0.575110825,0.47798309,0.584190871,0.602891278,0.220922912,0.19833323,0.974476422,0.573775984,1
05/04/2021,0.646015581,0.401819594,0.559067877,0.428475034,0.228127009,0.003450361,0.838328202,0.356821035,1
06/04/2021,0.5454743,0.429573116,0.567881033,0.479359252,0.170767658,0.121737315,0.918509638,0.390818614,0
07/04/2021,0.545912921,0.351238287,0.557602384,0.508539259,0.282520387,0.066613462,0.978757115,0.472066804,1
08/04/2021,0.544962069,0.356823221,0.491619748,0.448875366,0.221994659,0.026511245,0.912900352,0.456959136,1
09/04/2021,0.582164259,0.441315159,0.574719584,0.481408131,0.199988211,0.07766808,0.932974215,0.433440399,1
12/04/2021,0.63087551,0.440323348,0.542732981,0.464142866,0.230506813,0.005225113,0.795988022,0.302601594,0
13/04/2021,0.47551258,0.347230159,0.542667724,0.50591567,0.214226003,0.121552321,0.969673435,0.497523077,2
14/04/2021,0.656579512,0.577074457,0.645886247,0.606735869,0.362842183,0.280377233,0.977348633,0.554906493,1
15/04/2021,0.648008486,0.36584676,0.597916784,0.466916207,0.175410127,0,0.91098825,0.398281738,1
16/04/2021,0.573084362,0.432711732,0.534378496,0.468183145,0.220722954,0.055146721,0.871911373,0.368392476,1
19/04/2021,0.535167736,0.369525332,0.524002356,0.477974378,0.205543418,0.067932459,0.888828701,0.41740405,1
20/04/2021,0.557707658,0.358773517,0.472125624,0.406150221,0.236649273,0,0.760998576,0.311176054,2
21/04/2021,0.439281231,0.384724154,0.522939765,0.542274658,0.15555946,0.295645084,0.970693355,0.629886211,1
22/04/2021,0.685312945,0.400767208,0.613739237,0.43839898,0.317769217,0,0.861645671,0.364075639,0
23/04/2021,0.526370886,0.408050783,0.57105805,0.512515486,0.139462451,0.11982941,0.986995767,0.484449128,0
26/04/2021,0.591523324,0.440575492,0.578495305,0.49867297,0.241928615,0.146128454,0.995680519,0.473640456,2
27/04/2021,0.615706585,0.439590206,0.586585328,0.543355516,0.287329415,0.109422675,0.97148399,0.495729436,2
28/04/2021,0.640749109,0.559115178,0.631468167,0.611700805,0.312790945,0.269229209,0.983160866,0.587515721,2
29/04/2021,0.716862648,0.491484075,0.657808007,0.548062555,0.25889122,0.093951916,0.895634476,0.450955334,1
30/04/2021,0.537623429,0.366990203,0.488871828,0.374946021,0.262662982,0.094901575,0.83981363,0.325718228,2
03/05/2021,0.553490906,0.419838183,0.600905174,0.601530936,0.127947804,0.172196119,0.966943252,0.544084262,0
04/05/2021,0.646773624,0.451442027,0.614052153,0.515977626,0.271667308,0.083771688,0.933675115,0.469918157,2
05/05/2021,0.62881734,0.530617411,0.621785263,0.611444609,0.330198773,0.211692549,0.950563449,0.580874377,0
06/05/2021,0.649321093,0.456076157,0.602797795,0.52891331,0.182189423,0.126689682,0.891087419,0.52334803,2
07/05/2021,0.59085873,0.473367465,0.615389067,0.548119216,0.303604464,0.226610415,0.971230777,0.595306565,0
10/05/2021,0.717709303,0.524983115,0.672902731,0.500371855,0.212315319,0.121921192,0.910339903,0.380024845,1
11/05/2021,0.476555397,0.296291724,0.417959857,0.363078114,0.251902783,0.121898885,0.839320286,0.337644574,1
12/05/2021,0.473284092,0.360345388,0.515371946,0.454288431,0.226007369,0.275088634,0.965399858,0.452011857,1
13/05/2021,0.510669843,0.321398377,0.490061606,0.441251315,0.137901673,0.242938024,0.966160889,0.482190381,2
14/05/2021,0.639539735,0.444472085,0.641881296,0.590235742,0.18314975,0.156696375,1,0.540981334,2
17/05/2021,0.617460578,0.514481372,0.593467382,0.584525683,0.293581564,0.279211132,0.985489458,0.628120391,1
18/05/2021,0.672568742,0.41576717,0.557021067,0.377123709,0.225872467,0.04783081,0.793909092,0.282039206,1
19/05/2021,0.392275776,0.233949322,0.423905617,0.394407344,0.271928585,0.127117873,0.908113314,0.435355918,1
20/05/2021,0.567180644,0.3581574,0.546364214,0.481198477,0.141330372,0.033537224,0.903815537,0.43643832,0
21/05/2021,0.608739341,0.464409924,0.602252849,0.496184526,0.228675269,0.068207853,0.923392209,0.393332716,0
24/05/2021,0.554591922,0.409832214,0.547858033,0.537736491,0.19238515,0.120467447,0.947282036,0.507770222,1
25/05/2021,0.605323813,0.392335134,0.51902392,0.399816363,0.345901745,0.00664557,0.814777642,0.311542635,0
26/05/2021,0.494150889,0.380024026,0.543460913,0.537579879,0.180923939,0.14763933,0.952015478,0.526691836,1
27/05/2021,0.643736032,0.456742015,0.567613137,0.464846594,0.39260157,0.07843981,0.836854813,0.374262835,1
28/05/2021,0.543838337,0.343534967,0.565463634,0.477702507,0.098145008,0.011781902,0.915693338,0.408372823,2
01/06/2021,0.625688464,0.559105897,0.654145964,0.634459514,0.372314863,0.207843967,1,0.560548538,0
02/06/2021,0.663675782,0.457828538,0.609002932,0.522596101,0.168791292,0.091121757,0.923754532,0.469307538,0
03/06/2021,0.564198776,0.41953299,0.571402325,0.506536106,0.19157343,0.140398961,0.973621599,0.51720782,0
04/06/2021,0.636638303,0.433595593,0.588445589,0.508442395,0.229523753,0.038601218,0.911641668,0.447650136,1
07/06/2021,0.568852664,0.414325143,0.575348839,0.464596935,0.153870326,0.06447091,0.959633454,0.418669238,2
08/06/2021,0.588175357,0.467382637,0.535418204,0.561739835,0.490718397,0.157517943,0.892220817,0.516149892,0
09/06/2021,0.652435903,0.480552565,0.662366898,0.524323928,0.229087116,0.118298941,0.938833716,0.44662067,0
10/06/2021,0.636521039,0.452281502,0.563045898,0.497134121,0.210126905,0.057498213,0.829256313,0.359728429,1
11/06/2021,0.539920641,0.35594371,0.551781994,0.453623423,0.118678936,0.028238593,0.88973436,0.360970359,1
14/06/2021,0.532663189,0.382597631,0.521247152,0.484270171,0.216317866,0.076160898,0.90642378,0.424420235,2
15/06/2021,0.588639506,0.529498501,0.611301631,0.63688598,0.471516558,0.30376654,0.983383603,0.643620759,1
16/06/2021,0.693655434,0.440368325,0.639083802,0.476374651,0.168938201,0.073769615,0.90563791,0.426206612,1
17/06/2021,0.548938618,0.388244756,0.410515972,0.358590463,0.272220389,0.092875358,0.676106805,0.255971744,1
18/06/2021,0.400139032,0.206750839,0.489754782,0.387765521,0.345111946,0.089127459,0.900502138,0.383976811,2
21/06/2021,0.572678509,0.497107519,0.604241542,0.63627468,0.177936311,0.287158366,0.996068092,0.628052637,2
22/06/2021,0.701808799,0.507156967,0.649112992,0.567688699,0.15411255,0.182445587,0.921219883,0.547168266,0
23/06/2021,0.652707897,0.46114956,0.648513929,0.520303268,0.173771005,0.100315813,0.941398223,0.470302292,0
24/06/2021,0.583388768,0.402270094,0.573983208,0.506968233,0.210641865,0.063177474,0.957673399,0.486685609,0
25/06/2021,0.60556779,0.438184528,0.594606435,0.499437604,0.209730377,0.048958612,0.969099094,0.453815163,1
28/06/2021,0.57415574,0.386190814,0.455925659,0.38829188,0.262201552,0,0.776104463,0.290687822,1
29/06/2021,0.494536969,0.356448599,0.54855474,0.465881068,0.212632601,0.087575491,0.92166856,0.387281618,0
30/06/2021,0.545314524,0.373592468,0.549845398,0.520214945,0.200871614,0.083557723,0.968157774,0.488614019,0
01/07/2021,0.680004246,0.49772681,0.580195157,0.502181247,0.306023958,0.013828993,0.806338911,0.339236663,1
02/07/2021,0.496084939,0.334436834,0.536077546,0.485015872,0.12007602,0.048633265,0.925222041,0.465435332,1
06/07/2021,0.560900803,0.371881838,0.458665188,0.376344216,0.384319802,0.001575044,0.764555477,0.303961859,1
07/07/2021,0.478289825,0.34325484,0.472407612,0.427933559,0.221194912,0.1017914,0.796367797,0.365876835,1
08/07/2021,0.465410862,0.331156574,0.537629457,0.47278556,0.189005394,0.20950644,0.981193619,0.52511799,2
09/07/2021,0.660350444,0.467562048,0.623719826,0.563481721,0.24559247,0.122138292,0.939479958,0.506194278,1
12/07/2021,0.558976881,0.415814737,0.553592155,0.486793231,0.253178638,0.176694511,0.965634649,0.530428225,1
13/07/2021,0.615171076,0.412852943,0.583055366,0.471696217,0.162510298,0.082645305,0.935849701,0.435772206,1
14/07/2021,0.588234647,0.428383777,0.480707539,0.401712822,0.305337764,0.090496108,0.763696326,0.272245062,1
15/07/2021,0.447940378,0.262518043,0.518086675,0.451616739,0.146926341,0.088543302,0.946013285,0.424247447,1
16/07/2021,0.577884104,0.378586031,0.445413674,0.379732032,0.441034787,0.013362371,0.726062324,0.241841058,1
19/07/2021,0.340704033,0.17721609,0.375096219,0.352765012,0.349392344,0.099490417,0.850728273,0.414413188,0
20/07/2021,0.567267107,0.444490623,0.591539396,0.534966503,0.137826921,0.195919821,0.932370379,0.503277156,2
21/07/2021,0.674103816,0.548745025,0.693933172,0.619846838,0.161063882,0.250342447,0.995786649,0.552908233,1
22/07/2021,0.637713049,0.368417944,0.54673391,0.445553415,0.119874895,0.001712657,0.851982504,0.378029069,1
23/07/2021,0.547080543,0.376660221,0.545241756,0.485806681,0.240542014,0,0.885694846,0.419997188,2
26/07/2021,0.568243674,0.520102221,0.597765433,0.592066975,0.319576168,0.257675907,0.977645843,0.600727317,1
27/07/2021,0.636012058,0.362473282,0.57425827,0.446109588,0.202087991,0,0.889866948,0.428296926,0
28/07/2021,0.576534264,0.460732759,0.588616566,0.517798203,0.227100168,0.107372377,0.947677586,0.473688578,2
29/07/2021,0.645386198,0.466425562,0.626331802,0.539680446,0.258678719,0.055289621,0.94044335,0.440911433,1
30/07/2021,0.569174005,0.37761034,0.471761159,0.39808627,0.390596503,0,0.788413417,0.30227273,0
02/08/2021,0.487903975,0.426020085,0.564822544,0.491424302,0.145038609,0.259365086,0.979185295,0.452152528,0
03/08/2021,0.578589838,0.36204778,0.525307013,0.53395019,0.188559119,0.144232261,0.911220175,0.52075291,1
04/08/2021,0.551117401,0.370836567,0.550377019,0.396924283,0.271427055,0.119264122,0.946937058,0.408437542,0
05/08/2021,0.573067747,0.397966423,0.560519459,0.516151117,0.144711875,0.098625602,0.958064013,0.456786095,0
06/08/2021,0.613896204,0.441283845,0.609853986,0.537044534,0.221393708,0.070289157,0.981994581,0.471552596,1
09/08/2021,0.540872429,0.369028116,0.508899708,0.444937565,0.286970165,0.067480605,0.958064013,0.456786095,2
10/08/2021,0.597286027,0.478545653,0.593167082,0.559501562,0.201948254,0.161824801,0.98331043,0.535843747,0
11/08/2021,0.63023724,0.423026018,0.589289876,0.502456104,0.263114107,0.05266166,0.935497274,0.466819819,1
12/08/2021,0.523537113,0.356903038,0.498349489,0.421931718,0.242888844,0.067163187,0.926261034,0.442986858,1
13/08/2021,0.551728822,0.355437399,0.5177424,0.450130076,0.240394336,0.006933393,0.897776634,0.418712241,1
16/08/2021,0.507192608,0.333998003,0.483636022,0.432037584,0.180391106,0.012351859,0.893082423,0.439320754,1
17/08/2021,0.54051415,0.429144795,0.538925928,0.463458663,0.214435255,0.142487204,0.928053781,0.455837156,1
18/08/2021,0.57151631,0.372521668,0.507341507,0.4061945,0.332425136,0.069563423,0.840049291,0.326386054,1
19/08/2021,0.43809507,0.240943916,0.391288145,0.368212309,0.352102777,0.044368675,0.795382772,0.357624246,0
20/08/2021,0.488480614,0.363836635,0.559859433,0.491488317,0.090133219,0.164530149,0.975554551,0.507907995,2
23/08/2021,0.704296871,0.576474362,0.704655095,0.655891864,0.311547539,0.203381309,1,0.565848628,0
24/08/2021,0.675421645,0.477382523,0.640078109,0.523624204,0.175204556,0.100119532,0.959556716,0.457054495,0
25/08/2021,0.573640202,0.405597485,0.548574604,0.497977849,0.148732271,0.094841947,0.946508815,0.4749356,1
26/08/2021,0.574352611,0.393352867,0.541033594,0.436441841,0.194647116,0.060886261,0.917535602,0.390290581,2
27/08/2021,0.591541468,0.466989876,0.617182609,0.568501603,0.328925192,0.144528404,1,0.492682285,1
30/08/2021,0.637166375,0.422634264,0.538228787,0.446820426,0.193994467,0.017576295,0.840960605,0.322317385,1
31/08/2021,0.485117641,0.3289488,0.509698107,0.444151753,0.506924602,0.068383998,0.931668597,0.399590104,1
01/09/2021,0.545544433,0.366877824,0.493957892,0.435505894,0.166239156,0.04898023,0.869561528,0.361745524,2
02/09/2021,0.562703343,0.485216918,0.61060709,0.58852499,0.25027161,0.245806127,0.997057943,0.544503835,1
03/09/2021,0.637663666,0.385950781,0.584139242,0.475421995,0.104376799,0.035867551,0.924660024,0.418866372,1
07/09/2021,0.544936127,0.408001893,0.549251121,0.467316236,0.238459004,0.108488355,0.970785042,0.434272927,1
08/09/2021,0.58589467,0.404705876,0.524247806,0.453933135,0.32003291,0.070362603,0.886309103,0.359818946,0
09/09/2021,0.492783263,0.397274201,0.504866528,0.493697678,0.232923551,0.254408664,0.952340035,0.506417834,1
10/09/2021,0.692985992,0.431136557,0.609350004,0.482563372,0.164064453,0.007164548,0.820571467,0.304408163,2
13/09/2021,0.538529608,0.469769061,0.610272436,0.594093541,0.365869153,0.231525405,0.995615707,0.535441281,1
14/09/2021,0.652458749,0.399099912,0.543215581,0.433453907,0.198222737,0.014200446,0.816446233,0.317523718,2
15/09/2021,0.554496351,0.474104662,0.627268916,0.626053167,0.277308008,0.207091699,0.991346536,0.573543956,1
16/09/2021,0.655050977,0.40648044,0.573231464,0.448037896,0.157749181,0,0.864212152,0.374107204,1
17/09/2021,0.49878235,0.435478995,0.52935155,0.443264146,0.431607226,0.251859992,0.965365727,0.427311071,1
20/09/2021,0.465758044,0.205302822,0.398932042,0.383749443,0.202539771,0.07168403,0.878234612,0.437705492,1
21/09/2021,0.620592342,0.440665541,0.581645482,0.486988627,0.140894168,0.025453417,0.835491161,0.360343103,2
22/09/2021,0.581579147,0.528947837,0.645788914,0.608219221,0.319311594,0.268783447,0.991196532,0.543047892,2
23/09/2021,0.649130846,0.520326858,0.628077311,0.626690668,0.196328898,0.324627265,0.979826066,0.645882718,0
24/09/2021,0.668536297,0.458207499,0.663488662,0.526592928,0.217490547,0.19526024,0.997182994,0.552041525,2
27/09/2021,0.727142497,0.567891193,0.714739794,0.609919002,0.371484042,0.159572031,0.995929122,0.499053273,0
28/09/2021,0.647761077,0.463841485,0.607434935,0.532696497,0.269867248,0.095714768,0.948003718,0.450918358,1
29/09/2021,0.573255159,0.390300852,0.527197038,0.48804737,0.112992141,0.057816772,0.894569331,0.453121011,1
30/09/2021,0.595716463,0.410601797,0.542310195,0.419667179,0.328862959,0.008220982,0.825986687,0.306388381,2
01/10/2021,0.530521525,0.474108049,0.601133316,0.634724832,0.160637029,0.262891966,1,0.617129577,2
04/10/2021,0.704331089,0.492666605,0.665945773,0.542773816,0.345503872,0.120903367,0.951813068,0.49165874,1
05/10/2021,0.654591261,0.458285327,0.563803192,0.484222847,0.188825875,0.028459911,0.808396588,0.35396545,1
06/10/2021,0.447569788,0.297480662,0.473253879,0.417113892,0.182724195,0.106255428,0.904912329,0.450898061,0
07/10/2021,0.586369726,0.409136491,0.58598028,0.502008187,0.158126126,0.07665385,0.9380722,0.454150945,2
08/10/2021,0.618966027,0.511911688,0.635168159,0.591313466,0.268673785,0.188824509,1,0.548665051,1
11/10/2021,0.692120448,0.458755367,0.575896957,0.450701177,0.226317503,0.004705338,0.806146013,0.295206442,1
12/10/2021,0.485629649,0.334204126,0.515490034,0.469860376,0.200900667,0.065825447,0.906611149,0.413441459,1
13/10/2021,0.526483657,0.368810274,0.515702267,0.479583485,0.149187116,0.099208494,0.925106369,0.480127401,2
14/10/2021,0.637714518,0.473616911,0.62480772,0.551856814,0.299946002,0.081695048,0.930117263,0.479654091,0
15/10/2021,0.642569267,0.474258461,0.644671447,0.528926513,0.186485929,0.053577581,0.963080566,0.43403064,1
18/10/2021,0.599906661,0.417162231,0.547842322,0.488802915,0.268402313,0.007833974,0.896203164,0.393424852,2
19/10/2021,0.563428133,0.445975418,0.58555319,0.551042421,0.237976795,0.116350573,0.974595003,0.514680549,0
20/10/2021,0.578473563,0.430706998,0.56235763,0.512852283,0.153226741,0.15403647,0.978412935,0.549198584,1
21/10/2021,0.613680382,0.395732078,0.534744417,0.417798631,0.275013346,0.026476161,0.859077112,0.367828555,0
22/10/2021,0.533608935,0.382091652,0.559067877,0.518260877,0.185224734,0.070866404,0.946564465,0.485423328,2
25/10/2021,0.637056352,0.498459784,0.640406407,0.568950286,0.305131023,0.108592454,0.982453871,0.513800277,2
26/10/2021,0.624994761,0.519448713,0.609650326,0.583673983,0.35619463,0.222257429,0.983901969,0.586512023,1
27/10/2021,0.618293844,0.364511931,0.534723692,0.386469975,0.182012976,0.01365284,0.855378329,0.344671694,0
28/10/2021,0.495904754,0.357734292,0.536512589,0.501993945,0.155757396,0.100678527,0.976224776,0.499258894,0
29/10/2021,0.653419027,0.474912081,0.604426833,0.500714228,0.360824314,0.047107518,0.911607205,0.390031209,2
01/11/2021,0.578431178,0.46222516,0.603291949,0.562953548,0.172780914,0.153433702,0.993863134,0.50536907,1
02/11/2021,0.574785138,0.368743086,0.536239578,0.441184135,0.175528547,0.063842947,0.954562629,0.427464841,1
03/11/2021,0.51702291,0.342609525,0.495301404,0.435610659,0.247129847,0.063285993,0.95261243,0.437414563,0
04/11/2021,0.61672987,0.443169763,0.570078549,0.520866538,0.233260246,0.032094208,0.895050811,0.421244003,0
05/11/2021,0.599833995,0.442959178,0.606222245,0.528743217,0.241642534,0.042548876,0.93984322,0.445684637,0
08/11/2021,0.607606871,0.48522617,0.611437163,0.533943689,0.213040814,0.125164629,0.979288003,0.465791666,0
09/11/2021,0.59048545,0.411428463,0.554653416,0.529818238,0.245772181,0.090179355,0.944145252,0.507769235,1
10/11/2021,0.550163326,0.362764204,0.461845395,0.359461036,0.249704914,0.049940105,0.810496924,0.334850413,0
11/11/2021,0.508815841,0.355293873,0.575231676,0.498230917,0.124338795,0.0985579,0.978849176,0.461025802,1
12/11/2021,0.563048309,0.379835916,0.530730583,0.460141461,0.337183716,0.063366331,0.952553633,0.434313146,0
15/11/2021,0.564852066,0.440380954,0.535722055,0.52532138,0.238715297,0.156585531,0.932364597,0.51169547,0
16/11/2021,0.613182589,0.454253954,0.632112474,0.531261351,0.197977571,0.158247978,1,0.518288747,1
17/11/2021,0.579673914,0.403066489,0.54881479,0.446893033,0.199985511,0.132046557,0.975191337,0.441564045,1
18/11/2021,0.563704867,0.362606865,0.490327738,0.447033424,0.255552402,0.057004729,0.869305553,0.392294742,1
19/11/2021,0.437325785,0.235876455,0.382670481,0.305193934,0.496642242,0.022360677,0.809026963,0.318967193,2
22/11/2021,0.476915187,0.449514869,0.552925155,0.546305037,0.132343368,0.363807089,1,0.57857793,2
23/11/2021,0.6997914,0.473213226,0.668434476,0.596449712,0.216083894,0.189150102,0.965328318,0.548213051,0
24/11/2021,0.602011179,0.445846918,0.603016157,0.512981958,0.151261627,0.200607089,1,0.543385201,1
26/11/2021,0.447062143,0.238986703,0.358775413,0.349711459,0.400952559,0.147001497,0.87068232,0.528117903,0
29/11/2021,0.711146086,0.539504031,0.680254778,0.513009784,0.154108482,0.090050835,0.83662923,0.345625411,1
30/11/2021,0.443881815,0.271622298,0.449413814,0.376668659,0.483340039,0.119353106,0.894329834,0.381221077,1
01/12/2021,0.605990461,0.474561239,0.565287821,0.487372823,0.189577931,0.183416904,0.849196276,0.328747246,2
02/12/2021,0.50190362,0.379112443,0.51697401,0.59076277,0.213231816,0.304461164,0.919791826,0.618402585,1
03/12/2021,0.721498612,0.460129911,0.643426638,0.465179644,0.152607349,0.049489374,0.797511862,0.339228057,0
06/12/2021,0.564444979,0.406996394,0.632170483,0.536215568,0.188656647,0.070470065,0.96118222,0.433790245,0
07/12/2021,0.616933908,0.475782133,0.6047163,0.53570562,0.236503647,0.109410928,0.969254721,0.441329845,0
08/12/2021,0.594340395,0.423660964,0.57500277,0.502330491,0.202966384,0.091571868,0.965560904,0.431899789,0
09/12/2021,0.541851067,0.381877855,0.524014123,0.501011444,0.2055397,0.11470193,0.969111519,0.508126564,0
10/12/2021,0.65495541,0.454146636,0.587084456,0.516372462,0.24568246,0.012498579,0.868729591,0.421671452,1
13/12/2021,0.527221958,0.366874635,0.500762331,0.402810965,0.224701288,0.039559224,0.856821263,0.360211834,1
14/12/2021,0.500631547,0.393981103,0.550331204,0.484864826,0.30813147,0.195248949,0.994785862,0.478807006,1
15/12/2021,0.572697766,0.341478487,0.47757502,0.473114999,0.192459247,0.050079784,0.845995777,0.457326918,0
16/12/2021,0.593369875,0.482382977,0.647700351,0.497278433,0.245796922,0.162498879,0.981802744,0.441221576,1
17/12/2021,0.545682597,0.326887266,0.450776958,0.403077776,0.557908692,0.053520097,0.834907053,0.349364698,1
20/12/2021,0.437094414,0.261419512,0.439567057,0.432550173,0.073489682,0.077345095,0.8872526,0.490147349,2
21/12/2021,0.641779907,0.521904289,0.684269885,0.581650232,0.19918382,0.153859549,0.995990441,0.531344438,0
22/12/2021,0.61625831,0.463840857,0.576328111,0.523238675,0.139453348,0.168737138,0.95103045,0.519627971,0
23/12/2021,0.631602845,0.446952048,0.629883506,0.492701319,0.216122089,0.108272184,0.977805941,0.432580105,2
27/12/2021,0.561702832,0.42020517,0.519864273,0.547959716,0.205988052,0.165481124,0.933154563,0.552430753,1
28/12/2021,0.640810143,0.43854846,0.625944344,0.477754791,0.231711054,0.06386753,0.93421318,0.425330186,1
29/12/2021,0.549753735,0.360278647,0.526834756,0.455589012,0.226087192,0.019294023,0.927257841,0.413389813,1
30/12/2021,0.560494788,0.412113388,0.548915886,0.467094606,0.208353714,0.061357322,0.941298274,0.402487578,0
31/12/2021,0.546215021,0.40251337,0.554318536,0.517140268,0.281244397,0.118802906,0.994740723,0.497486704,2
03/01/2022,0.609763371,0.569741762,0.593710161,0.644892166,0.446818136,0.38093905,0.996087498,0.695934723,2
04/01/2022,0.76380481,0.597364959,0.75373914,0.641717277,0.405470188,0.317531173,0.996264289,0.633474242,2
05/01/2022,0.723336473,0.50970533,0.712157691,0.540653178,0.191512549,0.164998823,0.99759859,0.473466582,2
06/01/2022,0.666401152,0.470650091,0.595659759,0.585143196,0.197285822,0.069777377,0.890779256,0.479696629,0
07/01/2022,0.607451146,0.458613173,0.615010304,0.523629997,0.161254685,0.095215639,0.937063588,0.483304223,1
10/01/2022,0.603182859,0.411455684,0.557247928,0.466833077,0.211750474,0.028664371,0.881893796,0.401002106,2
11/01/2022,0.572629421,0.55877158,0.597295821,0.659572769,0.362526782,0.360161416,0.964063726,0.683770232,1
12/01/2022,0.706352698,0.438235002,0.682917783,0.478912195,0.136316716,0.093097718,0.943871026,0.448720952,1
13/01/2022,0.576104344,0.397543593,0.539806287,0.461949127,0.200917524,0.063935855,0.909044914,0.403369693,2
14/01/2022,0.551086216,0.448337812,0.576074135,0.56120157,0.255539918,0.209873864,0.994347829,0.562386343,2
18/01/2022,0.698658437,0.5211889,0.641413784,0.558309673,0.356471171,0.143890946,0.911169115,0.472223038,0
19/01/2022,0.627711698,0.410882131,0.589987069,0.492374678,0.168138699,0.014743899,0.870058143,0.391599703,0
20/01/2022,0.510200707,0.443524352,0.542586693,0.499511666,0.231137315,0.254966729,0.973563721,0.518629613,1
21/01/2022,0.614300484,0.339323906,0.489455132,0.43046195,0.331441011,0,0.766464883,0.357874066,0
24/01/2022,0.452947473,0.405897266,0.487679122,0.525212312,0.273555532,0.306816822,0.879443421,0.626095242,2
25/01/2022,0.672604323,0.546567156,0.652386095,0.608742822,0.210958932,0.360868209,0.867981644,0.660908542,1
26/01/2022,0.731907218,0.458063293,0.68035315,0.450011563,0.196186782,0.07469814,0.794605353,0.338767889,2
27/01/2022,0.578788212,0.412712072,0.587120162,0.542142631,0.175028624,0.072048937,0.84442785,0.419063242,0
28/01/2022,0.551541259,0.388772802,0.556838809,0.49927661,0.241951441,0.085704995,0.891346073,0.47593862,0
31/01/2022,0.577215737,0.460238238,0.576909644,0.526986919,0.281516974,0.191187214,0.925433404,0.53564239,2
01/02/2022,0.655270097,0.715104349,0.670098572,0.748088041,0.436456165,0.654263609,0.981197018,0.825838971,1
02/02/2022,0.763919911,0.373046524,0.714759757,0.480297859,0.07479983,0.092602981,0.909227378,0.494763213,1
03/02/2022,0.578697273,0.383966947,0.552295592,0.44392267,0.209529826,0.027153517,0.8933069,0.415024704,2
04/02/2022,0.61572313,0.537861703,0.655597947,0.577882696,0.266124095,0.202907858,1,0.492673818,2
07/02/2022,0.590416381,0.442429384,0.547341248,0.539048909,0.253076368,0.236345072,0.950788573,0.550124972,1
08/02/2022,0.632279592,0.380355512,0.522254201,0.386949359,0.222075067,0.027635795,0.771883314,0.287903361,1
09/02/2022,0.44793489,0.27591819,0.496643237,0.427707974,0.277863054,0.055896537,0.912693288,0.40074699,1
10/02/2022,0.5344871,0.392218939,0.510874926,0.452109174,0.139832031,0.120549386,0.905652814,0.408584466,2
11/02/2022,0.572193091,0.448651728,0.582389447,0.591800174,0.37016647,0.213744211,0.960384802,0.581840928,1
14/02/2022,0.625495151,0.384927774,0.496875775,0.429170391,0.174250987,0.032295313,0.746108992,0.399092999,1
15/02/2022,0.444061459,0.318102013,0.525354852,0.440409363,0.143555983,0.165822304,0.950151869,0.542020352,0
16/02/2022,0.674391853,0.501709327,0.646472659,0.509256354,0.186879039,0.11793349,0.923981182,0.411961913,1
17/02/2022,0.561659255,0.377309556,0.554312654,0.48457903,0.255131301,0.080612023,0.946067188,0.427752752,1
18/02/2022,0.510713073,0.357492598,0.502999856,0.446084636,0.222823733,0.129391589,0.972054663,0.465782219,1
22/02/2022,0.705834626,0.506387885,0.474342365,0.44402595,0.389611282,0.014889347,0.562958482,0.183510727,0
23/02/2022,0.417908932,0.279844399,0.603961797,0.507001946,0.138275444,0.130577178,0.965532244,0.475408222,1
24/02/2022,0.708563841,0.503716226,0.445334055,0.440007249,0.475385402,0.003753667,0.497587592,0.182094868,2
25/02/2022,0.461602209,0.352250134,0.683268634,0.598760336,0.110011245,0.167564628,0.955222384,0.54742545,0
28/02/2022,0.567935507,0.466942176,0.555823596,0.520637493,0.268843564,0.312662718,0.967641998,0.61304246,0
01/03/2022,0.694007817,0.511243415,0.674320843,0.529118213,0.300493935,0.23592688,0.955391494,0.482146688,2
02/03/2022,0.6690733,0.496720224,0.637498195,0.5596837,0.259888792,0.19009767,0.922715955,0.443004306,0
03/03/2022,0.540914647,0.39107075,0.549253247,0.516149076,0.130753276,0.23641903,0.976999577,0.545980662,2
04/03/2022,0.636133027,0.551749802,0.612400101,0.641803932,0.35355745,0.393938283,0.961572525,0.695608821,2
07/03/2022,0.766006875,0.5713404,0.724687943,0.635370062,0.314933445,0.268894707,0.90407767,0.619248195,0
08/03/2022,0.769509329,0.635314488,0.634257098,0.521137285,0.31971979,0.273073956,0.675357096,0.354845637,1
09/03/2022,0.354323792,0.166542335,0.374219756,0.262533238,0.19943155,0.29879876,0.769057999,0.351587966,2
10/03/2022,0.576274829,0.365346242,0.624755068,0.615337179,0.130943297,0.196500778,0.89448282,0.554495808,1
11/03/2022,0.58003949,0.441314824,0.612285514,0.470035025,0.163883791,0.253976022,0.990500882,0.515272362,1
14/03/2022,0.529714439,0.265455317,0.388682651,0.347024988,0.245721031,0.046414245,0.753862044,0.355208301,1
15/03/2022,0.375380054,0.178802023,0.347533795,0.262268824,0.312002489,0.043894388,0.751766685,0.315103464,1
16/03/2022,0.526550499,0.38051121,0.552589073,0.475651499,0.163180219,0.102903862,0.839889627,0.374277573,2
17/03/2022,0.596017292,0.442779618,0.603408349,0.597695779,0.197029855,0.122646706,0.886614243,0.516076929,1
18/03/2022,0.621720846,0.425906905,0.614171204,0.474970714,0.293176987,0.041260912,0.903028308,0.416250578,2
21/03/2022,0.630227887,0.591461468,0.645648185,0.670847805,0.166093408,0.296106852,0.962122686,0.619604924,1
22/03/2022,0.651733299,0.394472967,0.613360498,0.473146422,0.13613293,0.069024635,0.917821433,0.465654493,2
23/03/2022,0.660042429,0.526669181,0.674407281,0.554000571,0.287188676,0.110308477,0.97221148,0.432134859,0
24/03/2022,0.582909009,0.432626652,0.544173838,0.50279893,0.141544698,0.140944701,0.932062374,0.442411354,2
25/03/2022,0.551633392,0.457254162,0.561060974,0.578347877,0.265693912,0.306374816,0.987479956,0.629711332,1
28/03/2022,0.589136524,0.296112898,0.520719966,0.378122065,0.21577914,0.016639441,0.889576203,0.420229361,1
29/03/2022,0.465021733,0.367338434,0.44545852,0.469398222,0.304221247,0.205505544,0.896234433,0.57579039,2
30/03/2022,0.687304159,0.495936174,0.711565431,0.559441249,0.171713866,0.113061062,0.966348441,0.5057796,1
31/03/2022,0.568171456,0.433231326,0.551092014,0.433709632,0.306477756,0.18250426,0.969162216,0.426480133,0
01/04/2022,0.535229016,0.398099681,0.5310973,0.51648727,0.127372536,0.259213233,1,0.539440234,0
04/04/2022,0.652927423,0.386162427,0.562085426,0.492658685,0.262844865,0.011830616,0.855686187,0.417211917,1
05/04/2022,0.574376776,0.488782174,0.584695797,0.469970434,0.240025798,0.185862754,0.91009715,0.388021815,0
06/04/2022,0.573427495,0.392327885,0.578045682,0.535366725,0.269160703,0.151676624,0.954048663,0.466869595,2
07/04/2022,0.596648823,0.451857255,0.547633919,0.557910177,0.243752967,0.189847919,0.893303404,0.544515535,2
08/04/2022,0.640417379,0.506352192,0.68169976,0.575211143,0.212662697,0.236767997,1,0.577786259,1
11/04/2022,0.605534081,0.34534639,0.478222382,0.352513582,0.189886685,0.017285777,0.787734442,0.300622164,2
12/04/2022,0.573989217,0.459228852,0.65189977,0.574505604,0.236152123,0.128017989,0.969252075,0.440273149,2
13/04/2022,0.618733694,0.427308299,0.54989275,0.547469586,0.184901135,0.0570665,0.869066525,0.463920668,0
14/04/2022,0.579954722,0.482612531,0.609403049,0.537893092,0.309662307,0.204156749,0.959457575,0.536819902,0
18/04/2022,0.66070045,0.434226018,0.63174717,0.523633941,0.159027993,0.04356121,0.932321777,0.452440014,1
19/04/2022,0.555324256,0.400343145,0.536513875,0.454914123,0.248683081,0.073006515,0.932851879,0.430023254,0
20/04/2022,0.575418679,0.403903811,0.560485548,0.499874867,0.231765394,0.059555181,0.939176701,0.447972544,1
21/04/2022,0.621262481,0.47893542,0.534980794,0.448284804,0.348944782,0.094461618,0.806073139,0.306640268,1
22/04/2022,0.475424007,0.327009072,0.474030466,0.403090643,0.170671181,0.166537927,0.847024706,0.332507953,1
25/04/2022,0.381483253,0.130251314,0.282090958,0.355395881,0.408189502,0.03480243,0.701384156,0.439930602,0
26/04/2022,0.594496319,0.525481225,0.709349472,0.492190788,0.156904727,0.237776452,0.94690752,0.413712556,2
27/04/2022,0.608758701,0.452921588,0.564084988,0.605362416,0.267278798,0.247749288,0.893698302,0.547388924,2
28/04/2022,0.647863091,0.553671589,0.648766431,0.612139171,0.235621078,0.379657342,0.923790466,0.628634029,1
29/04/2022,0.729073414,0.412113388,0.589965429,0.400959984,0.235949836,0,0.688314456,0.232894401,2
02/05/2022,0.436806675,0.355340941,0.555660351,0.545348393,0.241870224,0.236050554,0.964301489,0.557123289,2
03/05/2022,0.635354289,0.503052017,0.631660086,0.573417155,0.206992405,0.288781769,0.987038728,0.595995627,2
04/05/2022,0.725727031,0.570955232,0.692643368,0.650493422,0.336824082,0.262864958,0.947354987,0.610521208,1
05/05/2022,0.689426641,0.420530466,0.534953128,0.429879198,0.193298742,0.001074225,0.683300495,0.324997937,2
06/05/2022,0.531679989,0.400746831,0.603848915,0.552066848,0.143125074,0.091266358,0.856921654,0.500088874,1
09/05/2022,0.510289061,0.300146363,0.313110827,0.174196598,0.393079506,0.013262062,0.516051775,0.082217563,0
10/05/2022,0.409228469,0.276495972,0.534531309,0.51734233,0.152167213,0.144282159,0.80230726,0.401067198,2
11/05/2022,0.613689046,0.519438979,0.695320671,0.574297185,0.214372173,0.287070689,0.986140036,0.476137886,1
12/05/2022,0.55525717,0.281176419,0.421439366,0.468063575,0.194862131,0.049454085,0.763067581,0.475525588,2
13/05/2022,0.642078971,0.547457218,0.704909663,0.609803773,0.189308167,0.179913093,0.907670472,0.56174186,2
16/05/2022,0.650536562,0.567072167,0.684170346,0.585141221,0.230762092,0.333279125,0.9991023,0.594452157,2
17/05/2022,0.69941385,0.435357721,0.658705106,0.541925167,0.192648305,0.077588346,0.946893239,0.475988696,1
18/05/2022,0.610836436,0.435239928,0.500696121,0.427099426,0.257717422,0.043809696,0.768645951,0.31637686,0
19/05/2022,0.427197895,0.381760665,0.520971462,0.512425151,0.214558984,0.366525006,1,0.606992848,0
20/05/2022,0.707383033,0.475691014,0.623926089,0.522438832,0.281911113,0.178496236,0.867087822,0.44370886,2
23/05/2022,0.608613002,0.469468385,0.657128985,0.579435962,0.210857662,0.225096101,0.990519446,0.53609681,0
24/05/2022,0.584042913,0.413073607,0.548821173,0.512531646,0.194475673,0.209799383,0.956981091,0.560766909,2
25/05/2022,0.652187177,0.495616904,0.655089588,0.571521176,0.297657857,0.203804556,0.990711903,0.56842521,0
26/05/2022,0.661661051,0.45452644,0.634573201,0.504899388,0.170280214,0.084933927,0.966931425,0.45144662,0
27/05/2022,0.550610846,0.435458495,0.520494206,0.530187513,0.24306812,0.203985941,0.945900249,0.56122778,1
31/05/2022,0.684768078,0.498049201,0.576806227,0.4253251,0.45548227,0.122359828,0.769072903,0.277751299,2
01/06/2022,0.515436218,0.363331485,0.598270244,0.567665515,0.098609029,0.172188979,0.967075206,0.504353967,1
02/06/2022,0.588219307,0.38400165,0.566322313,0.483752164,0.148349163,0.082299042,0.9589576,0.47443038,2
03/06/2022,0.602006294,0.484452907,0.606352419,0.549088234,0.258113389,0.177709143,1,0.528730631,1
06/06/2022,0.628911039,0.417590621,0.591496806,0.480599224,0.22208665,0.059800569,0.958934337,0.426155708,2
07/06/2022,0.597945801,0.578519061,0.593333216,0.674704437,0.477864863,0.369822519,0.983178946,0.691020033,0
08/06/2022,0.727518995,0.506234207,0.703702796,0.53810325,0.17760361,0.198675637,0.960645167,0.518684829,1
09/06/2022,0.574541364,0.369023233,0.526236639,0.403987566,0.179280275,0.109919101,0.902703979,0.379346323,1
10/06/2022,0.520633494,0.359040621,0.463415797,0.41737048,0.276618665,0.136726446,0.831567816,0.353156093,1
13/06/2022,0.405779579,0.166505426,0.31653102,0.306519696,0.251368686,0.025341108,0.705191778,0.336000563,0
14/06/2022,0.572756141,0.453988523,0.618333338,0.50119688,0.207675588,0.127862846,0.824554356,0.360199278,1
15/06/2022,0.519577487,0.315296207,0.472511252,0.440183951,0.21130194,0.059728644,0.773705463,0.373290578,1
16/06/2022,0.429753585,0.250068589,0.426891031,0.342663946,0.289293136,0.077017412,0.815925951,0.376066344,1
17/06/2022,0.515175334,0.325167572,0.3480708,0.259248511,0.472361278,0.042383104,0.534675414,0.098473691,2
21/06/2022,0.473761035,0.47087479,0.696729646,0.740565491,0.092958654,0.440798746,0.994590164,0.664218684,1
22/06/2022,0.530793906,0.275932782,0.512955306,0.33187898,0.174809136,0.250683611,0.999087533,0.472782479,1
23/06/2022,0.627802485,0.376130708,0.370175623,0.369652105,0.288603599,0.043482595,0.537015001,0.192584088,2
24/06/2022,0.500956177,0.37890873,0.67211816,0.570341995,0.150029132,0.164846252,0.895295342,0.44493617,2
27/06/2022,0.616322639,0.49650708,0.648439916,0.589118478,0.214026656,0.251038786,0.987267516,0.540173637,2
28/06/2022,0.726257827,0.573784583,0.685108434,0.602094658,0.317707306,0.229985477,0.932514517,0.476171239,1
29/06/2022,0.657925038,0.410161808,0.440873323,0.342442979,0.156831181,0.023388359,0.551655342,0.104666701,1
30/06/2022,0.286351035,0.138781321,0.413893865,0.377753398,0.400547139,0.167543273,0.863716341,0.410513744,2
01/07/2022,0.60475609,0.426653596,0.561015778,0.580254347,0.124016836,0.129916552,0.813100852,0.510188877,1
05/07/2022,0.558982387,0.351031752,0.476323225,0.36509669,0.322203233,0.041216441,0.691991711,0.332077807,1
06/07/2022,0.459066498,0.334984879,0.459727446,0.418309505,0.216575166,0.173484345,0.737803454,0.410999556,2
07/07/2022,0.653687526,0.493774851,0.777413861,0.618942305,0.140530955,0.159773137,0.992517731,0.491894334,0
08/07/2022,0.649921302,0.440426885,0.541183148,0.497266154,0.149138485,0.039791043,0.814470904,0.382860091,1
11/07/2022,0.496273657,0.350625945,0.531395914,0.470208099,0.19176078,0.110260088,0.924049957,0.485044855,1
12/07/2022,0.512687144,0.355593903,0.48575485,0.43729177,0.332131245,0.149845639,0.912304448,0.505289241,0
13/07/2022,0.558338191,0.479506094,0.580962457,0.506878508,0.211590291,0.347364206,0.992338257,0.563978896,1
14/07/2022,0.504663061,0.25399633,0.429879911,0.410291661,0.324628157,0.176324712,0.886820237,0.552462209,2
15/07/2022,0.719720125,0.497841058,0.671995148,0.558322296,0.122664268,0.009324851,0.82106758,0.428539091,2
18/07/2022,0.660209998,0.576110191,0.700815752,0.564799964,0.264983766,0.155274732,0.923441677,0.412228181,2
19/07/2022,0.56990878,0.442115771,0.58310942,0.591897632,0.209312673,0.240206083,0.984290551,0.58962948,0
20/07/2022,0.630288211,0.470184148,0.606872221,0.534839,0.199603296,0.233638606,0.969908603,0.573482933,1
21/07/2022,0.547870768,0.318240616,0.462664689,0.423703729,0.314650794,0.098930503,0.841988016,0.510811311,1
22/07/2022,0.605415675,0.446826829,0.627778469,0.46007725,0.143723594,0.103874769,0.916080024,0.413384497,2
25/07/2022,0.60476426,0.497468511,0.596667697,0.624410608,0.267427473,0.220888186,0.932966129,0.584608567,1
26/07/2022,0.710416937,0.470156092,0.633587949,0.47511237,0.185870328,0.016270976,0.813341127,0.340375655,2
27/07/2022,0.540336577,0.44799535,0.577598845,0.577612448,0.285295144,0.18832869,0.922156792,0.542775248,0
28/07/2022,0.660427865,0.473920829,0.633321044,0.537632966,0.265885105,0.114743006,0.898637006,0.481568308,2
29/07/2022,0.674582949,0.620417224,0.699057327,0.67661755,0.368075403,0.32130365,0.97040658,0.62155547,1
01/08/2022,0.591449058,0.310889209,0.520947809,0.389264259,0.135549034,0.05839866,0.868570655,0.427194329,1
02/08/2022,0.573044594,0.404957005,0.585160641,0.473306943,0.167956721,0.053240319,0.926625112,0.405621708,1
03/08/2022,0.565941407,0.374842,0.425907967,0.360575769,0.351339858,0,0.692975338,0.211695335,1
04/08/2022,0.405107315,0.215544425,0.361063406,0.321815056,0.332980937,0.003283576,0.6568954,0.221316876,2
05/08/2022,0.404279838,0.379383254,0.551912086,0.548736593,0.090118026,0.381163328,0.992601933,0.608019952,0
08/08/2022,0.680229228,0.407548436,0.651776176,0.513418784,0.17592805,0.110441118,0.964851067,0.473977364,2
09/08/2022,0.641470409,0.514161998,0.639922422,0.564737919,0.324024356,0.171245616,0.991131019,0.488192557,0
10/08/2022,0.604877455,0.421051565,0.524231277,0.528834978,0.214816568,0.121001563,0.868778473,0.50461396,2
11/08/2022,0.627794618,0.536506775,0.663082119,0.567104422,0.235410492,0.264779105,0.965218167,0.545478318,0
12/08/2022,0.604769258,0.398605892,0.58927879,0.525617858,0.166996758,0.164607745,0.968048735,0.556907921,1
15/08/2022,0.493845311,0.349698845,0.449398538,0.418983761,0.341717529,0.240220654,0.923254088,0.578869971,1
16/08/2022,0.642728055,0.419962265,0.63402529,0.453332898,0.129258278,0.092373759,0.935785663,0.407952392,0
17/08/2022,0.544563749,0.427784477,0.542356655,0.523205535,0.219443717,0.210113287,0.969375496,0.515792019,2
18/08/2022,0.658659,0.514601868,0.657474973,0.585639596,0.317765749,0.22921834,0.994855574,0.535637185,1
19/08/2022,0.62008674,0.406863196,0.590515361,0.477967388,0.199246571,0.109180064,0.969467123,0.443128354,1
22/08/2022,0.546142056,0.378186859,0.47379206,0.487740139,0.225169829,0.11321998,0.866643246,0.490292408,2
23/08/2022,0.667365579,0.600834047,0.720204415,0.661098539,0.373532654,0.295879377,0.991641531,0.617498627,0
24/08/2022,0.67901121,0.437999419,0.641573728,0.514484452,0.141695701,0.096823259,0.947036713,0.48700205,0
25/08/2022,0.613926492,0.453021055,0.590406244,0.51149396,0.196240748,0.09393429,0.933799611,0.460032976,1
26/08/2022,0.571220093,0.41439123,0.530487591,0.441304178,0.231672804,0.114093725,0.890846117,0.388742578,2
29/08/2022,0.553597444,0.487239677,0.589540622,0.583011998,0.373906122,0.340308341,0.996746297,0.578785642,1
30/08/2022,0.584464676,0.280426523,0.461598465,0.337969056,0.148818555,0.026129895,0.79377263,0.311532945,1
31/08/2022,0.40315782,0.330007343,0.463111063,0.460717253,0.249424013,0.295405643,0.9626303,0.557924726,1
01/09/2022,0.593614901,0.328968366,0.501796337,0.418497626,0.195560119,0.06805024,0.819845129,0.410378909,2
02/09/2022,0.658035508,0.494414146,0.685053468,0.564279602,0.260083912,0.045142193,0.897221996,0.396799926,1
06/09/2022,0.569418975,0.402713384,0.533057274,0.463850804,0.243745291,0.044202401,0.862968369,0.365893658,1
07/09/2022,0.455095853,0.317920867,0.462653725,0.456482643,0.181075777,0.148503296,0.923730423,0.515822579,0
08/09/2022,0.639585285,0.452029885,0.62250048,0.523560419,0.273414578,0.079363938,0.920696306,0.46610511,2
09/09/2022,0.654906433,0.487437975,0.629458328,0.557975424,0.201375559,0.049159364,0.900712678,0.447357248,0
12/09/2022,0.623505744,0.514818353,0.626546522,0.536900578,0.20888007,0.155893497,0.93702737,0.446024592,1
13/09/2022,0.535105693,0.347448145,0.475226739,0.396962249,0.26683294,0.119713292,0.859473895,0.361510682,2
14/09/2022,0.560026779,0.448401341,0.612936443,0.589260475,0.300706258,0.243554855,0.996678984,0.549997919,1
15/09/2022,0.578448836,0.318880628,0.469015299,0.374004173,0.206323688,0.032874827,0.819895335,0.353632142,1
16/09/2022,0.529959701,0.355568392,0.469196342,0.422151418,0.468029518,0.028073344,0.742115172,0.319940556,1
19/09/2022,0.408363622,0.323843045,0.514251304,0.490296127,0.047146754,0.269364949,0.999122323,0.607113273,1
20/09/2022,0.651940381,0.384865079,0.588065649,0.457993316,0.214789079,0.021319763,0.90612742,0.428135555,1
21/09/2022,0.613032088,0.458616803,0.524423702,0.426023545,0.281106144,0.032749217,0.769560142,0.264412488,1
22/09/2022,0.519325006,0.352997658,0.543186742,0.473955202,0.206377044,0.049318804,0.854484449,0.332352267,1
23/09/2022,0.375661982,0.158789426,0.300803292,0.277097296,0.444735226,0,0.758137229,0.317074197,1
26/09/2022,0.459728885,0.345567676,0.512418543,0.407868381,0.165065733,0.153689928,0.9049952,0.377393054,2
27/09/2022,0.610281177,0.451156193,0.604285033,0.574853643,0.162181058,0.155879158,0.925372637,0.458716114,2
28/09/2022,0.600770119,0.534523034,0.613031691,0.636799985,0.266312174,0.365008016,0.981453291,0.658144904,1
29/09/2022,0.671793033,0.415169721,0.617133254,0.482595474,0.201698107,0.13227912,0.904906372,0.486044255,1
30/09/2022,0.576767253,0.395823242,0.567585767,0.428712201,0.285753756,0.097539173,0.922105126,0.384517543,2
03/10/2022,0.661073956,0.581731202,0.672877817,0.702678021,0.262973776,0.254701623,0.971617867,0.586157388,2
04/10/2022,0.717735787,0.559873055,0.696474629,0.637023184,0.205061067,0.224757112,0.954605465,0.592030024,2
05/10/2022,0.683653579,0.632981523,0.690264477,0.652946739,0.401202674,0.437729817,0.992493854,0.680391931,2
06/10/2022,0.689535076,0.51174717,0.674149781,0.609791851,0.177430755,0.372433839,0.988645889,0.688698286,1
07/10/2022,0.726585731,0.462865871,0.636641092,0.450215233,0.179228588,0.10930707,0.842920662,0.374001941,1
10/10/2022,0.550131494,0.355316545,0.498978456,0.403712105,0.131850365,0.052595735,0.782034904,0.276849778,1
11/10/2022,0.41086355,0.31090514,0.476789103,0.456612034,0.245564907,0.258260226,0.961392266,0.501531231,0
12/10/2022,0.588603141,0.3733537,0.579523832,0.508340209,0.139349937,0.142953535,0.977885114,0.511506348,2
13/10/2022,0.579243495,0.574923283,0.5662768,0.631017947,0.451967591,0.496532325,0.987719972,0.740219631,1
14/10/2022,0.721914599,0.402788921,0.628492126,0.385121201,0.133779684,0.109485935,0.83573025,0.323088896,2
17/10/2022,0.575260571,0.40010026,0.619848957,0.548598679,0.208543137,0.088023829,0.954961563,0.419414215,0
18/10/2022,0.595602316,0.429065609,0.506964847,0.497907926,0.222594422,0.07885438,0.818320757,0.400750538,2
19/10/2022,0.565923332,0.485004474,0.642170256,0.609798726,0.374746303,0.267506579,0.998422777,0.613848299,0
20/10/2022,0.697101476,0.456295787,0.647859863,0.496141518,0.179864962,0.064434848,0.930336887,0.424112941,2
21/10/2022,0.58214283,0.472767156,0.579003689,0.565271311,0.315786628,0.184546781,0.958713233,0.537578018,0
24/10/2022,0.623019754,0.466838479,0.607080358,0.518787505,0.150397521,0.188981504,0.959185467,0.507280133,1
25/10/2022,0.605281371,0.397327423,0.557106606,0.463614055,0.204019371,0.085464111,0.899433212,0.415935677,0
26/10/2022,0.571642116,0.433305168,0.595562664,0.538496976,0.25924789,0.146052509,0.980459393,0.503232894,0
27/10/2022,0.657216323,0.485940692,0.614302118,0.506088424,0.241664068,0.10668297,0.927071178,0.396504235,2
28/10/2022,0.615510754,0.479779955,0.585936302,0.608297291,0.392640149,0.15803813,0.902235964,0.523287778,0
31/10/2022,0.57866064,0.48165181,0.609405679,0.494715717,0.208217758,0.307836421,0.995624271,0.527468407,0
01/11/2022,0.680847388,0.398414979,0.604654289,0.530575649,0.179191243,0.0175935,0.877761133,0.421775421,1
02/11/2022,0.549418513,0.39312033,0.509135628,0.408226063,0.205968846,0.046067373,0.837530717,0.332506459,2
03/11/2022,0.470909409,0.400751013,0.52134832,0.545294401,0.175180925,0.294967491,0.980141258,0.601488208,0
04/11/2022,0.738167771,0.480458656,0.653856939,0.534445832,0.234956919,0.0437392,0.84451998,0.408527774,0
07/11/2022,0.556571677,0.431752276,0.608560041,0.538263968,0.200750312,0.138940804,0.98010729,0.520745211,0
08/11/2022,0.61485169,0.438851479,0.576350261,0.503443473,0.201741791,0.102787915,0.938070625,0.478883037,1
09/11/2022,0.563975551,0.357362994,0.411499603,0.311144408,0.327577753,0.015732217,0.680135208,0.204284181,2
10/11/2022,0.475484571,0.308507281,0.521091229,0.549704934,0.236882082,0.04575121,0.810115067,0.467239044,2
11/11/2022,0.662974759,0.568268035,0.747649879,0.616056922,0.232801245,0.168584964,0.993615434,0.52882195,1
14/11/2022,0.57897161,0.417675494,0.559067877,0.470295012,0.232215999,0.176409399,0.990073343,0.491968454,0
15/11/2022,0.618288901,0.407748456,0.572996293,0.517636716,0.205668784,0.063409937,0.934736288,0.467808239,1
16/11/2022,0.564707814,0.401389366,0.522172647,0.44781708,0.136868534,0.071454032,0.888769903,0.417967859,0
17/11/2022,0.502278657,0.369911456,0.518153601,0.496059492,0.201263453,0.169650676,0.961250214,0.553408845,1
18/11/2022,0.563359924,0.3831799,0.516626707,0.455932111,0.300016935,0.140833286,0.907105625,0.518758467,1
21/11/2022,0.544771631,0.360346102,0.478945222,0.45097169,0.33633791,0.108745457,0.817757137,0.507369131,2
22/11/2022,0.65701966,0.545884433,0.710596807,0.606844485,0.180252074,0.199093264,0.944487177,0.564282965,1
23/11/2022,0.581091772,0.391448465,0.5838591,0.470687544,0.12177715,0.143452808,0.98435776,0.524319436,1
25/11/2022,0.632130745,0.438461567,0.594377386,0.476593572,0.111595299,0.063366057,0.942496114,0.409994623,1
28/11/2022,0.465418316,0.28708552,0.433616543,0.370169702,0.90071981,0.071462153,0.924945974,0.398160433,0
29/11/2022,0.575429126,0.425990003,0.565461999,0.517412773,0.114611273,0.106348834,0.940796109,0.44455531,0
30/11/2022,0.61045971,0.416182223,0.55869225,0.519778262,0.409499282,0.031904495,0.873987536,0.436918032,1
01/12/2022,0.580760498,0.419024258,0.574091162,0.471258227,0.112723389,0.038073974,0.895560758,0.399194441,1
02/12/2022,0.501778905,0.397500622,0.52239447,0.456671326,0.245079516,0.198585514,0.977392834,0.469758374,1
05/12/2022,0.620180805,0.397860835,0.435978462,0.38074378,0.307385592,0.058935641,0.656608299,0.219796011,1
06/12/2022,0.405773652,0.235642502,0.450482627,0.379148293,0.257170636,0.106411344,0.792619613,0.323165238,1
07/12/2022,0.498063228,0.319041812,0.527889669,0.481839238,0.21099909,0.101917619,0.89149864,0.440475762,0
08/12/2022,0.672462576,0.496716391,0.613038492,0.52054761,0.243308688,0.048365385,0.806886567,0.333523809,1
09/12/2022,0.51434334,0.375908321,0.542767956,0.456897318,0.229636278,0.128537021,0.901501809,0.382639828,2
12/12/2022,0.548485148,0.424564754,0.570642693,0.589589016,0.214633085,0.229441906,0.981540103,0.59199406,0
13/12/2022,0.728394923,0.510595858,0.695589929,0.534618709,0.284917536,0.067856424,0.942215634,0.415137411,1
14/12/2022,0.584184363,0.402054821,0.510139129,0.461158397,0.143677405,0.028376884,0.834348633,0.355462605,1
15/12/2022,0.479824096,0.322644775,0.479139573,0.452266725,0.188816914,0.078832369,0.87641443,0.455595168,1
16/12/2022,0.515653297,0.386834028,0.536404619,0.462554192,1,0.180178951,0.956869339,0.512836342,0
19/12/2022,0.637082656,0.438826543,0.609042724,0.508746726,0,0.088275738,0.933234415,0.443092636,2
20/12/2022,0.573834913,0.468226853,0.586323732,0.548743403,0.250978396,0.219939889,0.992406667,0.543854371,2
21/12/2022,0.694512853,0.45781075,0.641083171,0.542272771,0.204229393,0.027384546,0.916666431,0.434740346,1
22/12/2022,0.562610873,0.395356934,0.441330079,0.409744535,0.219347077,0.027486773,0.719463692,0.326091302,2
23/12/2022,0.542767102,0.435238855,0.669968567,0.596882584,0.18887317,0.165444278,0.996266807,0.555195629,2
27/12/2022,0.66298494,0.484486326,0.633507837,0.546500224,0.238296591,0.108557854,0.967842848,0.50414137,1
28/12/2022,0.600374109,0.392759278,0.52383396,0.424788788,0.195329153,0.008094069,0.853953804,0.357091268,0
29/12/2022,0.508145723,0.400534095,0.562506859,0.521098175,0.222455646,0.158358977,1,0.522474288,0
30/12/2022,0.599916178,0.444452396,0.582739964,0.531163163,0.263573134,0.172016902,1,0.551143996,1
03/01/2023,0.61980887,0.392352768,0.440624269,0.352795672,0.313051438,0.021610431,0.68792059,0.252654068,0
04/01/2023,0.397853929,0.293860457,0.530535661,0.50241021,0.28540386,0.222602529,0.996951827,0.575594041,2
05/01/2023,0.635316489,0.530550828,0.620072309,0.580540866,0.191815173,0.33557524,0.997747121,0.626371206,2
06/01/2023,0.716274968,0.496515578,0.689382069,0.539245695,0.234830096,0.171515476,0.970255254,0.475628945,1
09/01/2023,0.6332482,0.397896469,0.489139779,0.415912464,0.257137174,0,0.726025521,0.261816628,2
10/01/2023,0.511695453,0.358734535,0.566716925,0.550678761,0.1790248,0.048619555,0.870524419,0.466706845,0
11/01/2023,0.620431439,0.458292022,0.600295084,0.537399593,0.259386578,0.04096872,0.863289756,0.471257401,2
12/01/2023,0.606783565,0.505583803,0.659226343,0.557407848,0.202701814,0.169730778,0.994286379,0.531132711,1
13/01/2023,0.622829379,0.402114646,0.574565786,0.488245052,0.161267947,0.033209224,0.932926316,0.45104877,1
17/01/2023,0.587702679,0.435762559,0.577815834,0.482921946,0.341377409,0.058398478,0.947890785,0.420861468,1
18/01/2023,0.571986136,0.413708455,0.475998033,0.408260421,0.224602408,0.075058774,0.798339652,0.294710668,0
19/01/2023,0.465853313,0.332788206,0.528443231,0.516493779,0.16313764,0.185002252,0.964448644,0.523472675,2
20/01/2023,0.62355459,0.46525929,0.597823246,0.563928608,0.311201066,0.184634888,0.946214775,0.566347011,1
23/01/2023,0.658168115,0.45822899,0.634738594,0.469832642,0.228470493,0.082636186,0.929725182,0.397749118,0
24/01/2023,0.421342842,0.389485371,0.274651461,0.528106173,0.172434174,0.440100007,0.686148075,0.729115137,1
25/01/2023,0.724635279,0.397351784,0.815411525,0.469564307,0.190035552,0.036666137,0.87022585,0.447558054,2
26/01/2023,0.629245081,0.577423299,0.668262646,0.652060788,0.458500805,0.263670299,0.973546631,0.623148362,1
27/01/2023,0.654073743,0.407864824,0.596931211,0.417437726,0.143111663,0.060857246,0.893474236,0.373301468,1
30/01/2023,0.51433218,0.327836327,0.479028094,0.419546902,0.296856185,0.03435606,0.865384848,0.361215791,2
31/01/2023,0.474495142,0.44795746,0.459952508,0.577331343,0.376169892,0.379177389,0.881028937,0.678310292,1
01/02/2023,0.708776941,0.450412594,0.667718392,0.446781979,0.135993465,0.132278307,0.828323759,0.386778673,1
02/02/2023,0.543763071,0.322590105,0.431379987,0.36513027,0.306467399,0.018935352,0.650937347,0.236664967,0
03/02/2023,0.475657583,0.374162033,0.624013593,0.518535416,0.173785731,0.195227627,0.975734746,0.449897222,1
06/02/2023,0.593469394,0.371450627,0.513239032,0.483912399,0.131869884,0.064222597,0.85500615,0.411814093,2
07/02/2023,0.578271377,0.501412594,0.622603948,0.605335931,0.274353067,0.25682316,0.973708932,0.596895225,1
08/02/2023,0.670794821,0.432627774,0.626424831,0.455796514,0.273448702,0.067017244,0.91670341,0.38407016,0
09/02/2023,0.562438053,0.428215289,0.57101903,0.505878796,0.210479201,0.139711632,0.969343284,0.433215287,2
10/02/2023,0.642412416,0.544780294,0.63056727,0.65993048,0.357015454,0.264709775,0.976009799,0.598999829,1
13/02/2023,0.6182783,0.356976078,0.549839044,0.444579098,0.101103511,0.038626556,0.876532683,0.45319427,1
14/02/2023,0.553368846,0.397871107,0.563336685,0.44370131,0.176047162,0.067583984,0.932431299,0.415530581,1
15/02/2023,0.533625296,0.34569854,0.492256437,0.478658825,0.266910167,0.031605804,0.890961438,0.468629422,1
16/02/2023,0.563206853,0.439151378,0.582909452,0.478968351,0.176199162,0.126017253,0.964679285,0.472696497,1
17/02/2023,0.538812008,0.311223124,0.421869841,0.336374532,0.477579767,0,0.775504428,0.280977485,1
21/02/2023,0.460181354,0.340007569,0.552751828,0.486758834,0.135514789,0.140055413,1,0.470105715,1
22/02/2023,0.56544099,0.355038187,0.478324504,0.438730624,0.216842907,0.043841942,0.866995592,0.404036365,0
23/02/2023,0.586162801,0.447367659,0.606887703,0.527675003,0.169067008,0.098198769,0.9401389,0.449315075,0
24/02/2023,0.527225244,0.376723363,0.526052683,0.491089446,0.309290118,0.147376009,0.977355613,0.534213565,1
27/02/2023,0.63037789,0.424412615,0.594618669,0.483477876,0.171521081,0.041038972,0.939455804,0.433869107,1
28/02/2023,0.592916906,0.416201972,0.531320483,0.467487767,0.392531084,0.010663739,0.854982428,0.370022002,0
01/03/2023,0.508616287,0.43253826,0.559822763,0.526518859,0.145187407,0.230600418,0.994885924,0.543864177,0
02/03/2023,0.624600352,0.405606495,0.594169555,0.509188864,0.161629961,0.096508826,0.967512655,0.495134035,2
03/03/2023,0.556842258,0.480125051,0.550834306,0.541534804,0.305271052,0.298213473,0.992742828,0.613802419,0
06/03/2023,0.646916051,0.430972114,0.631068091,0.526310585,0.258407656,0.163294444,0.991443123,0.555693475,1
07/03/2023,0.606166411,0.385340371,0.533268234,0.413130687,0.167676173,0.031545319,0.883901382,0.378702466,1
08/03/2023,0.521838392,0.381966081,0.481182155,0.432101927,0.279324458,0.105755361,0.844917251,0.374748805,1
09/03/2023,0.564418815,0.404425328,0.55755574,0.459702218,0.214919178,0.121256302,0.867463452,0.345417051,1
10/03/2023,0.530497851,0.363878925,0.487973104,0.441069034,0.293399821,0.133533417,0.824330944,0.341779063,1
13/03/2023,0.424921038,0.281836829,0.427081702,0.444543947,0.322055814,0.236476099,0.877185015,0.523705152,0
14/03/2023,0.615125687,0.460615045,0.608360836,0.505798076,0.19099742,0.24724301,0.895622216,0.485238163,1
15/03/2023,0.445977227,0.211390096,0.372867398,0.291030511,0.351008395,0.13267219,0.798058096,0.371899466,1
16/03/2023,0.434549755,0.30209866,0.468558068,0.467420519,0.247573315,0.256327303,0.912170269,0.576236604,1
17/03/2023,0.636657597,0.408981695,0.606179804,0.443444835,0.400600772,0.099243848,0.884099433,0.398993409,2
20/03/2023,0.539091731,0.451062965,0.574039911,0.595665369,0.149038525,0.282771051,0.989579825,0.635032213,2
21/03/2023,0.757388876,0.625182388,0.750927736,0.670572499,0.222960919,0.295118947,0.996933392,0.630071895,1
22/03/2023,0.677040462,0.407873121,0.576094141,0.398847186,0.067796641,0.035171304,0.83250233,0.312512992,1
23/03/2023,0.523904815,0.376461202,0.475469901,0.445438383,0.215736786,0.09194491,0.778671283,0.326895416,0
24/03/2023,0.431234179,0.305595902,0.497486702,0.495384884,0.206500975,0.231855854,0.955926309,0.582352562,2
27/03/2023,0.704634641,0.527317674,0.681646151,0.578742392,0.258924714,0.164216705,0.936716069,0.515336498,2
28/03/2023,0.603640588,0.462097928,0.60985793,0.540809485,0.150381794,0.20718865,0.981064989,0.553598884,2
29/03/2023,0.675462737,0.475922411,0.649220626,0.559678605,0.314097491,0.100625816,0.957874931,0.503543404,0
30/03/2023,0.631734644,0.429199163,0.598576794,0.510252577,0.170995985,0.001804363,0.924914084,0.445115526,0
31/03/2023,0.581907607,0.437023579,0.579205018,0.49695975,0.301413321,0.044161724,0.954128582,0.447520873,2
03/04/2023,0.71095859,0.687937174,0.712952478,0.727566495,0.514215279,0.301634148,0.980984202,0.607778994,1
04/04/2023,0.677292162,0.406273755,0.597339287,0.452358139,0.100894611,0.037410758,0.856435277,0.378515079,2
05/04/2023,0.54626742,0.423807666,0.564123802,0.559479919,0.22931799,0.141398899,0.927997582,0.542305954,1
06/04/2023,0.628974536,0.419111904,0.575659895,0.424161168,0.21432581,0.027068423,0.857172387,0.34676977,1
10/04/2023,0.506840145,0.373292534,0.537512866,0.472932449,0.174046671,0.120570641,0.957558082,0.434957692,0
11/04/2023,0.583416302,0.412896356,0.566651764,0.519114258,0.198166244,0.106623629,0.959708488,0.471051395,1
12/04/2023,0.618488199,0.427381185,0.578894168,0.486551032,0.20560085,0.036591795,0.915436951,0.396021435,0
13/04/2023,0.524115843,0.384801392,0.530367692,0.509538299,0.268253351,0.111271689,0.967247434,0.515922725,0
14/04/2023,0.622067961,0.442338349,0.594833374,0.500435796,0.205978667,0.064820242,0.946254583,0.457240026,1
17/04/2023,0.56322861,0.406264245,0.533996594,0.444029843,0.272636054,0.087304553,0.926010476,0.40369495,2
18/04/2023,0.539556464,0.439444136,0.554743853,0.56912117,0.322518864,0.243691442,0.99371699,0.595455644,1
19/04/2023,0.635630618,0.400082098,0.612094707,0.478025802,0.109978868,0.069828958,0.978672374,0.47650637,1
20/04/2023,0.544856929,0.364638459,0.468606537,0.458701445,0.40729399,0.047223251,0.868206296,0.47787935,0