Date,Open,High,Low,Close,Adj Close,Volume
1/4/20,36.86000061,38.70000076,36.34000015,37.52999878,31.70002556,36045900
2/4/20,38.74000168,41.95999908,37.90000153,40.40000153,34.12419128,62000200
3/4/20,41.45000076,42.18000031,38.52000046,39.20999908,33.11904526,48425700
6/4/20,39.88000107,40.83000183,39.22999954,40.47000122,34.18332291,41301900
7/4/20,42.90000153,43.31999969,41.15999985,41.24000168,34.83371353,48921800
8/4/20,41.95000076,44.04000092,41.47000122,43.84999847,37.03826904,33355600
9/4/20,45.45999908,46.70999908,41.74000168,43.13000107,36.43011093,60107300
13/4/20,44.45000076,44.68999863,41.97000122,42.75999832,36.11758423,29651900
14/4/20,43,43.75,41.90999985,42.43000031,35.83884811,30769000
15/4/20,41,41.06000137,39.38000107,40.47999954,34.19177246,33125000
16/4/20,40.47999954,40.47999954,38.93000031,39.15000153,33.068367,30934000
17/4/20,39.88000107,43.31999969,39.86999893,43.22000122,36.50613022,40829100
20/4/20,40.75,42.74000168,40.54000092,41.18000031,34.78303146,39260800
21/4/20,40.40000153,42.13000107,39.63000107,40.95999908,34.59719849,44381600
22/4/20,42.59999847,42.93000031,41.86000061,42.13000107,35.58545685,27074200
23/4/20,43.13000107,44.65999985,42.81000137,43.45000076,36.70040512,35271000
24/4/20,44.40000153,44.88999939,43.13000107,43.72999954,36.93690872,28653800
27/4/20,43.59000015,44.31999969,42.22999954,43.93999863,37.11428452,28274400
28/4/20,44.36999893,45.38999939,44.11000061,44.97000122,37.98428726,26545100
29/4/20,46.25999832,47.59999847,46.15999985,47.45999908,40.08748245,29502500
30/4/20,47.68000031,47.68000031,45.77000046,46.47000122,39.25126648,37076300
1/5/20,45.63000107,46.38999939,43,43.13999939,36.43855667,35399300
4/5/20,42.50999832,44.93999863,42.22000122,44.88000107,37.90826035,27465600
5/5/20,46.25999832,47.15000153,44.65999985,44.83000183,37.86603546,29276200
6/5/20,44.93000031,45.27000046,43.90000153,43.99000168,37.15652466,22659000
7/5/20,44.95999908,45.27000046,43.97000122,44.24000168,37.36768341,22160300
8/5/20,45.31000137,46.22000122,44.97999954,46.18000031,39.00632095,19977400
11/5/20,46.11000061,46.20000076,45.50999832,45.74000168,38.63467407,22258000
12/5/20,45.41999817,45.66999817,44.11999893,44.11999893,37.98888779,25439100
13/5/20,43.74000168,43.86999893,41.59999847,41.93000031,36.10322571,30827900
14/5/20,41.06999969,42.54999924,40.20000076,42.29999924,36.42180634,24856500
15/5/20,42.38000107,43.00999832,41.84999847,42,36.16350174,22445600
18/5/20,44.40000153,45.58000183,44.06000137,45.34000015,39.03935623,32026100
19/5/20,45.54999924,46.63000107,43.93000031,43.93999863,37.83390427,21771600
20/5/20,44.61999893,45.58000183,44.56999969,45.36999893,39.06518555,19352400
21/5/20,45.43999863,45.79000092,44.38999939,44.56000137,38.36774826,19130700
22/5/20,44.04999924,44.66999817,43.45000076,44.59999847,38.40219116,15406400
26/5/20,45.74000168,46.29999924,45.47000122,45.90999985,39.53015137,20356500
27/5/20,46.65999985,47.13999939,45.40999985,46.24000168,39.81429291,20788300
28/5/20,46.43000031,46.45999908,44.93000031,45.04000092,38.78105164,19698000
29/5/20,44.81999969,45.68999863,44.36999893,45.47000122,39.15129089,25874700
1/6/20,45.31999969,46.45000076,44.79999924,46.27999878,39.84873581,19031000
2/6/20,46.86000061,47.45000076,46.75,47.31000137,40.73560333,22319000
3/6/20,48,49.40000153,47.95000076,49.24000168,42.39739609,23418000
4/6/20,48.88000107,49.15000153,48.15999985,49.09999847,42.27684784,18731400
5/6/20,51.65000153,53.45000076,51.59999847,53.08000183,45.7037735,41328900
8/6/20,54.72000122,55.36000061,53.45999908,54.74000168,47.13309479,33579400
9/6/20,52.88000107,53.97000122,52.45000076,53.52000046,46.08263016,27276900
10/6/20,53.5,53.5,50.59999847,50.65000153,43.61145782,31156800
11/6/20,47.52999878,48.84000015,46.09999847,46.18000031,39.76263046,39183000
12/6/20,48.04000092,48.61999893,45.90999985,47.16999817,40.61505127,30978100
15/6/20,45.34999847,47.75999832,44.75,47.13999939,40.58921814,27929300
16/6/20,49.56999969,49.75,47.24000168,48.20000076,41.50192261,26203400
17/6/20,48,48.13000107,46.59999847,46.63000107,40.15009689,19279400
18/6/20,46.11000061,47.33000183,45.77000046,46.91999817,40.3997879,21478700
19/6/20,48.22000122,48.25999832,45.97999954,45.97999954,39.5904274,48899900
22/6/20,45.68999863,46.43999863,45.40000153,46.41999817,39.9692688,17565400
23/6/20,46.90000153,47.22000122,46.5,46.70000076,40.21036911,18916600
24/6/20,45.90999985,45.95999908,44.25,44.5,38.31608582,27626900
25/6/20,44.04999924,45.24000168,43.68999863,45.16999817,38.89297867,19353600
26/6/20,44.88000107,44.93999863,43.5,43.61999893,37.55837631,31518600
29/6/20,43.81000137,44.58000183,43.54000092,44.31999969,38.16110229,17052100
30/6/20,43.43000031,44.97000122,43.15999985,44.72000122,38.50551605,22153600
1/7/20,44.49000168,45.38000107,43.66999817,43.70999908,37.63587189,17290100
2/7/20,44.61999893,45.18999863,43.93000031,44.08000183,37.95445633,18216600
6/7/20,44.66999817,45.08000183,43.84000015,44.38999939,38.22137451,22692000
7/7/20,43.90000153,44,43.11000061,43.24000168,37.23118591,17407600
8/7/20,43.15000153,43.93000031,42.84000015,43.13999939,37.14507675,18291400
9/7/20,42.90000153,43.09999847,41.29000092,41.36000061,35.6124382,25882000
10/7/20,41.11999893,42.70999908,41.09999847,42.65000153,36.72317886,18951000
13/7/20,42.97999954,43.29000092,42.22999954,42.65999985,36.73178101,20028300
14/7/20,42.52999878,44.18999863,42.25999832,44.06999969,37.94584274,21444100
15/7/20,45.02999878,45.09000015,44.20999908,44.63000107,38.42802811,17332400
16/7/20,44.31000137,44.81000137,43.79000092,44.27999878,38.12665558,14673700
17/7/20,44.33000183,44.68999863,43.38999939,43.52000046,37.47227478,17958900
20/7/20,43.20999908,43.50999832,42.47999954,42.5,36.5940094,18553900
21/7/20,43.15000153,45.18999863,43.11000061,44.65000153,38.44524765,28821800
22/7/20,44.15000153,44.15000153,43.36999893,43.61000061,37.54976273,21345400
23/7/20,43.40000153,43.81999969,43.02000046,43.70000076,37.6272583,17934400
24/7/20,43.88000107,44.41999817,43.18999863,43.43000031,37.39477539,16415300
27/7/20,43.22999954,44.09000015,42.97000122,44.06999969,37.94584274,18547900
28/7/20,43.90999985,44.25,43.45999908,43.54999924,37.49810028,19190500
29/7/20,43.70999908,44.09000015,43.34000015,44.02999878,37.91140366,14143200
30/7/20,43.13000107,43.18000031,41.83000183,41.86999893,36.05156326,29901100
31/7/20,41.15999985,42.16999817,40.90999985,42.08000183,36.23238373,32116200
3/8/20,42.04999924,42.5,41.47000122,42.25,36.37876129,23033600
4/8/20,42.34000015,43.59999847,42.24000168,43.47000122,37.42921829,17724000
5/8/20,44.15000153,44.31000137,43.52999878,43.84999847,37.75640488,17175100
6/8/20,43.40000153,43.90000153,43.25,43.63999939,37.57560349,14434900
7/8/20,43.22999954,43.52000046,42.81000137,43.43999863,37.40338898,18757900
10/8/20,43.99000168,44.59999847,43.59999847,44.50999832,38.3246994,24367800
11/8/20,45.5,46.41999817,44.72999954,44.97000122,38.72077179,28987500
12/8/20,44.45999908,44.93999863,43.63000107,44.09000015,38.71199036,22503200
13/8/20,43.5,43.86999893,42.91999817,43.00999832,37.76372528,17338700
14/8/20,42.59999847,43.27999878,42.40999985,43.20000076,37.93056107,13595700
17/8/20,43.16999817,43.16999817,42.47000122,42.63999939,37.43886185,15554600
18/8/20,42.59000015,43.18999863,42.29000092,42.43000031,37.25447845,13014000
19/8/20,42.34999847,42.65999985,41.86999893,41.95999908,36.8418045,14473100
20/8/20,41.68999863,41.88999939,41.29999924,41.31999969,36.27986908,15678500
21/8/20,41.29999924,41.34000015,40.70999908,41.00999832,36.0076828,25517700
24/8/20,41.27999878,42.50999832,41.09000015,42.22000122,37.07010651,18208900
25/8/20,41.65999985,42.06999969,40.70000076,40.88000107,35.89355087,31285600
26/8/20,40.63999939,40.84000015,40,40.00999832,35.12966156,26795000
27/8/20,40,40.29999924,39.31000137,39.74000168,34.89259338,32034300
28/8/20,39.84000015,40.91999817,39.75999832,40.68999863,35.7267189,33477100
31/8/20,40.63999939,40.72000122,39.90000153,39.93999863,35.0682106,25259600
1/9/20,39.75,39.75,39.04999924,39.43000031,34.62041092,22464100
2/9/20,39.22999954,39.72000122,38.95000076,39.18999863,34.40967941,26413400
3/9/20,39.20000076,40.02999878,38.88000107,39.11000061,34.33944702,28817200
4/9/20,39.45999908,39.79000092,38.65000153,39.08000183,34.31310654,24632500
8/9/20,38.25,38.68000031,37.34999847,38.18000031,33.52288437,38496400
9/9/20,38.34999847,38.84000015,37.91999817,37.95000076,33.32093811,25886100
10/9/20,38.27000046,38.36999893,36.90000153,37,32.48681641,34381200
11/9/20,37.13000107,37.31000137,36.49000168,36.90000153,32.39902115,26838600
14/9/20,36.90999985,37.00999832,36.49000168,36.65999985,32.18828964,26129900
15/9/20,36.79999924,37.38000107,36.20999908,36.27000046,31.84586334,23724200
16/9/20,36.45999908,38.15000153,36.27000046,37.81000137,33.19801331,30890900
17/9/20,37.34999847,37.97999954,36.97000122,37.79999924,33.18923187,24696200
18/9/20,37.52999878,37.81999969,36.70000076,37.18999863,32.65364456,46853800
21/9/20,36.43000031,36.70999908,35.68000031,36.43000031,31.98634529,35351800
22/9/20,36.45999908,36.84000015,35.47000122,35.52999878,31.19612503,27303200
23/9/20,35.65000153,35.79000092,34.34999847,34.38999939,30.19517899,31251400
24/9/20,34.40000153,34.81999969,33.75999832,34.31999969,30.1337204,26796000
25/9/20,34,34.93999863,33.88000107,34.63999939,30.4146862,23486000
28/9/20,35.13999939,35.90000153,35.09999847,35.31000137,31.00296402,23396500
29/9/20,35,35.11000061,33.99000168,34.27999878,30.09859467,20770500
30/9/20,34.63999939,34.91999817,34.13000107,34.33000183,30.14249611,22223700
1/10/20,33.79000092,34.09999847,32.93999863,33.13000107,29.088871,36890200
2/10/20,32.25,33.34999847,32.20999908,32.97999954,28.95717049,32694300
5/10/20,33.31999969,33.75,33.16999817,33.74000168,29.62446785,22965200
6/10/20,34.11999893,34.41999817,33.31000137,33.38999939,29.31715775,26731800
7/10/20,33.63999939,33.74000168,33.20999908,33.5,29.41374016,23779300
8/10/20,33.88000107,35.34000015,33.75999832,35.25999832,30.95905495,34413700
9/10/20,35.68000031,35.95000076,34.65000153,34.74000168,30.50248909,29228600
12/10/20,34.54000092,34.72999954,34.22999954,34.63000107,30.40590858,17912800
13/10/20,34.72999954,34.86999893,34.09999847,34.22000122,30.04591942,20995100
14/10/20,34.06000137,34.83000183,34.02999878,34.15000153,29.98445892,17743000
15/10/20,33.70000076,34.45999908,33.27000046,34.45000076,30.24786568,23251600
16/10/20,34.36999893,34.63999939,33.88000107,34.09999847,29.94055176,22627200
19/10/20,34.09999847,34.36999893,33.38999939,33.41999817,29.34349823,23645800
20/10/20,33.65999985,33.93000031,33.33000183,33.70000076,29.58934402,23040600
21/10/20,33.50999832,33.61999893,33.13999939,33.15999985,29.11521339,28619300
22/10/20,33.18000031,34.95999908,33.02000046,34.86000061,30.60785484,31831500
23/10/20,34.97000122,35.08000183,33.86000061,34.15999985,29.99323845,27429100
26/10/20,33.61000061,33.77000046,32.95000076,33.34999847,29.28203583,30888700
27/10/20,33.15000153,33.20000076,32.70000076,32.81999969,28.81668472,27100700
28/10/20,32.09999847,32.38000107,31.52000046,31.56999969,27.71915627,42136400
29/10/20,31.40999985,33.13000107,31.11000061,32.97000122,28.94838715,38622800
30/10/20,32.40999985,33.13999939,32.00999832,32.61999893,28.64107513,47885700
2/11/20,33.13999939,34.45999908,32.56999969,33.99000168,29.84397125,40130300
3/11/20,34.49000168,34.49000168,33.13000107,33.40999985,29.3347168,36773000
4/11/20,33.27000046,34.13999939,32.52999878,33.22999954,29.1766758,35410100
5/11/20,33.36999893,33.91999817,33.13999939,33.16999817,29.12399101,30824100
6/11/20,33.09999847,33.65999985,32.61999893,32.77999878,28.78156281,33985600
9/11/20,36.41999817,38.00999832,36.06000137,36.93000031,32.42536163,76879400
10/11/20,37.04999924,37.43000031,35.97999954,36.86000061,33.14472198,49055400
11/11/20,37.09000015,37.11999893,36.18999863,36.47999954,32.80302429,34124500
12/11/20,35.86000061,36.29000092,34.86999893,35.22999954,31.6790123,30933700
13/11/20,35.40000153,36.25,35.38000107,36.08000183,32.4433403,29241500
16/11/20,37.59000015,38.16999817,37.09999847,38.15999985,34.31368637,38596800
17/11/20,37.81000137,38.70999908,37.38000107,38.66999817,34.77228165,26521100
18/11/20,39.02000046,39.13000107,37.20000076,37.20999908,33.45944595,31068000
19/11/20,36.86000061,37.5,36.56000137,37.40000153,33.63029099,26954400
20/11/20,37.34999847,37.40999985,36.77999878,36.93999863,33.21665573,18351000
23/11/20,37.5,39.43000031,37.27999878,39.36000061,35.39273834,29367600
24/11/20,40.50999832,42.08000183,40.22000122,41.97999954,37.74865341,46979300
25/11/20,41.66999817,41.70999908,40.65000153,40.81000137,36.69658661,28178200
27/11/20,40.70000076,40.93999863,39.86999893,40.18999863,36.13907623,14971900
30/11/20,39.79999924,39.88000107,37.97000122,38.13000107,34.28671265,45614300
1/12/20,38.95999908,39.65000153,38.47000122,38.5,34.6194191,32472900
2/12/20,38.38999939,40.41999817,38.34000015,39.93999863,35.91427231,29369500
3/12/20,40.06999969,40.63999939,39.72999954,40.20999908,36.1570549,27038900
4/12/20,40.77000046,41.75999832,40.65000153,41.68000031,37.47889328,28723600
7/12/20,41.41999817,41.54000092,40.66999817,40.90000153,36.7775116,24899400
8/12/20,40.52999878,42.59000015,40.43999863,42.24000168,37.98244858,32573800
9/12/20,42.70999908,43.72999954,42.38000107,42.79999924,38.48600006,37824800
10/12/20,43.20000076,44.47000122,42.75999832,44.00999832,39.57404327,38058700
11/12/20,43.70000076,43.93000031,43.20999908,43.79999924,39.38520813,25478800
14/12/20,44.34000015,44.45999908,42.18000031,42.22000122,37.96446609,30595000
15/12/20,42.43999863,43.22000122,42.06000137,43.04000092,38.70180893,27138400
16/12/20,43.75,44.11000061,42.95999908,43.70000076,39.29528809,34273000
17/12/20,44,44.04000092,43.40000153,43.47999954,39.09745789,21204600
18/12/20,43.27000046,43.77999878,42.41999817,42.72999954,38.42305374,46596800
21/12/20,41.11000061,42.08000183,40.52999878,41.95000076,37.72167587,27869500
22/12/20,41.58000183,41.90000153,41.22999954,41.24000168,37.08324432,21792900
23/12/20,41.50999832,42.38999939,41.45999908,41.77000046,37.55982208,19085900
24/12/20,41.65000153,41.84999847,41.38000107,41.59999847,37.4069519,8039000
28/12/20,41.68999863,42.54999924,41.52000046,41.74000168,37.53284454,23877500
29/12/20,42.04000092,42.11999893,41.20000076,41.27000046,37.11021423,20287700
30/12/20,41.33000183,42.41999817,41.27000046,41.59999847,37.4069519,23807300
31/12/20,41.47000122,41.68000031,40.97000122,41.22000122,37.06525421,22786500
4/1/21,41.45000076,42.25,41,41.5,37.31703949,27764700
5/1/21,41.84000015,44.79999924,41.83000183,43.5,39.11544418,44035100
6/1/21,44.40999985,45.09999847,43.70000076,44.61000061,40.11356354,36484800
7/1/21,45,45.56999969,44.52999878,44.95999908,40.42828369,29528100
8/1/21,45.20000076,45.81999969,44.95000076,45.45999908,40.87788773,28628200
11/1/21,45.04000092,47.13999939,44.75,46.84000015,42.11878967,38246200
12/1/21,47.45999908,48.16999817,46.90999985,47.88000107,43.05397034,36915100
13/1/21,48.52999878,48.70999908,47.68999863,48.41999817,43.53953934,29000300
14/1/21,48.5,51.08000183,48.5,50.31000137,45.23903275,35474800
15/1/21,48.90999985,49.08000183,47.29000092,47.88999939,43.06295776,42411300
19/1/21,48.45000076,49.43999863,48.34999847,48.84000015,43.91720581,24932600
20/1/21,49.11000061,49.74000168,48.99000168,49.52999878,44.53765869,22342400
21/1/21,49.33000183,49.38999939,47.68000031,48.11000061,43.26078415,29044500
22/1/21,47.00999832,47.63999939,46.63999939,47.43000031,42.64932632,23264800
25/1/21,46.90000153,47.04999924,46.15999985,46.90000153,42.17274857,26395800
26/1/21,47.25999832,47.86000061,45.84999847,45.86999893,41.24656296,23976800
27/1/21,45,46.65999985,44.52999878,45.34999847,40.77897644,32410300
28/1/21,45.93999863,46.59000015,45.68999863,46.06000137,41.41741562,24967200
29/1/21,45.54999924,46.04000092,44.50999832,44.84000015,40.32038116,38961100
1/2/21,45.58000183,45.58000183,44.29000092,44.91999817,40.39231873,24412400
2/2/21,45.81000137,46.99000168,45.27999878,45.63000107,41.03075409,31940400
3/2/21,45.63000107,47.66999817,45.41999817,47.41999817,42.64032364,28459300
4/2/21,47.88000107,48.38000107,47.25,48.33000183,43.45861435,25280300
5/2/21,49.18000031,50.11999893,49.04000092,49.95000076,44.91532516,34980100
8/2/21,50.91999817,52.36000061,50.70999908,52.09999847,46.84860992,36998700
9/2/21,50.66999817,50.95999908,49.77000046,50.63000107,46.29993439,28977000
10/2/21,50.63000107,51.41999817,50.38999939,51.11999893,46.74802399,25723800
11/2/21,50.88999939,50.93000031,48.77999878,49.84000015,45.57749557,26972200
12/2/21,49.43000031,50.70999908,49.40999985,50.52000046,46.19934082,19756700
16/2/21,51.95999908,52.52999878,51.61999893,52.04000092,47.5893364,28060100
17/2/21,52.34999847,53.27000046,51.79999924,52.84999847,48.33006668,25509700
18/2/21,52.81000137,52.93999863,51.86000061,52.02000046,47.57106018,20627600
19/2/21,52.11000061,52.56000137,51.91999817,52.36999893,47.89112091,22607200
22/2/21,52.59000015,54.81000137,52.59000015,54.29999924,49.65605545,36435100
23/2/21,54.97999954,55.25999832,53.74000168,55.04999924,50.34191513,33527900
24/2/21,55.18999863,57,54.86999893,56.70000076,51.85080338,28728600
25/2/21,56.97999954,57.25,55.34999847,55.75999832,50.99119186,29670900
26/2/21,54.40999985,55.06000137,53.11999893,54.36999893,49.72006989,35291000
1/3/21,56.47000122,57.61000061,56.13000107,56.40000153,51.57645798,36998300
2/3/21,56.65000153,56.95999908,56.02000046,56.06999969,51.27468109,30302600
3/3/21,56.41999817,57.95999908,55.88000107,56.52000046,51.68619156,35358900
4/3/21,57.11999893,59.47000122,57.09999847,58.70999908,53.68889618,52137500
5/3/21,59.83000183,61.04999924,59.11000061,60.93000031,55.7190361,51429800
8/3/21,61.58000183,61.61000061,59.81999969,60.86999893,55.66415787,38154600
9/3/21,60.61000061,61.38999939,59.47000122,59.93000031,54.8045578,35645900
10/3/21,60.52000046,61.91999817,60.02999878,61.77000046,56.48719406,31579100
11/3/21,61.77999878,62.54999924,61.25999832,61.31000137,56.06653976,24802600
12/3/21,61.54999924,62.36999893,61.5,61.97000122,56.67009354,20422700
15/3/21,61.49000168,61.86000061,59.86999893,60.38999939,55.22521591,31243600
16/3/21,59.54000092,59.65999985,58.43999863,59.11000061,54.0546875,30624800
17/3/21,58.68999863,59.72999954,58.61999893,59.36999893,54.29245377,25575500
18/3/21,58.81000137,58.97000122,56.52000046,56.81000137,51.95139694,38622800
19/3/21,56.70999908,57.47000122,55.81000137,56.49000168,51.65876389,84439400
22/3/21,56.5,56.86000061,55.90000153,55.90999985,51.12836456,29315100
23/3/21,54.93999863,56.29000092,54.45000076,55.22000122,50.4973793,33493300
24/3/21,56.08000183,57.27999878,56.08000183,56.34000015,51.52158737,29781800
25/3/21,55.20999908,56.5,54.5,56.18000031,51.37527466,31495900
26/3/21,57.29999924,57.77999878,56.52000046,57.70999908,52.77441788,34226500
29/3/21,57.34000015,57.81999969,56.74000168,57.40000153,52.49094009,21144400
30/3/21,56.86000061,57.36000061,56.49000168,56.68999863,51.84165573,20303400
31/3/21,56.34999847,56.63000107,55.79999924,55.83000183,51.0552063,23686500
1/4/21,56.31999969,57.45000076,56.13999939,57.38999939,52.48178864,23194500
5/4/21,57.29999924,57.31999969,56.13999939,56.5,51.6679039,23264800
6/4/21,56.84000015,57.54000092,56.25999832,56.34000015,51.52158737,18926300
7/4/21,56.38999939,56.77000046,56.24000168,56.59000015,51.75020981,22385000
8/4/21,55.93000031,56.08000183,55.31999969,56,51.21067047,21999300
9/4/21,56,56.43999863,55.52999878,55.86999893,51.09178162,20020700
12/4/21,56.75999832,56.79000092,55.31000137,55.5,50.75342941,20238800
13/4/21,55.29999924,55.97999954,55.09000015,55.70999908,50.9454689,19370600
14/4/21,56.40999985,58.00999832,56.25,57.31999969,52.4177742,28051100
15/4/21,57.41999817,57.41999817,56.77999878,56.97999954,52.10685349,23250300
16/4/21,57.36000061,57.68000031,56.43999863,56.65999985,51.81422424,22752000
19/4/21,56.75,57.13999939,55.95999908,56.47999954,51.64961243,21123300
20/4/21,56.47000122,56.47000122,54.77999878,55.29000092,50.56138992,21782100
21/4/21,54.5,56.13000107,54.29999924,56,51.21067047,16625600
22/4/21,55.99000168,55.99000168,55.02000046,55.27000046,50.54309845,21600100
23/4/21,55.27000046,55.93999863,55.18000031,55.56999969,50.81744003,15337900
26/4/21,55.47000122,56.29000092,55.43999863,55.68000031,50.91803741,16083800
27/4/21,56.00999832,56.63000107,55.81000137,56.40999985,51.58560562,19278600
28/4/21,56.90999985,58.45999908,56.79000092,58.11000061,53.1402092,24729800
29/4/21,58.91999817,59.47999954,58.15000153,58.93999863,53.89923096,27318400
30/4/21,58.33000183,58.88999939,57.15999985,57.24000168,52.34461594,30518400
3/5/21,57.97999954,58.99000168,57.74000168,58.81999969,53.78948975,20509600
4/5/21,59,59.5,58.50999832,59.18999863,54.12784195,23522200
5/5/21,59.77000046,61.04999924,59.40000153,60.97000122,55.75561523,31526200
6/5/21,60.86000061,61.63999939,60.02999878,61.54999924,56.28601074,26836800
7/5/21,61.06999969,62.47000122,60.84999847,62.43000031,57.09075165,33610600
10/5/21,63.24000168,64.01999664,62.52999878,62.58000183,57.22792435,31956600
11/5/21,61.63000107,62.38999939,60.38999939,60.59000015,55.40811539,34563800
12/5/21,60.00999832,61.68000031,59.75,60.04000092,55.70500946,34426500
13/5/21,59,60.45000076,58.75,59.29999924,55.01843643,24268200
14/5/21,59.93000031,60.88000107,59.93000031,60.77000046,56.38230133,20735400
17/5/21,60.54000092,62.25,60.43000031,62.18999863,57.69976807,25282500
18/5/21,62,62.29999924,60.40000153,60.43000031,56.06684494,25170800
19/5/21,59.09999847,59.86000061,58.41999817,58.97999954,54.72154236,28889800
20/5/21,58.95000076,59.15000153,58.24000168,58.84000015,54.59165192,20692500
21/5/21,59.41999817,59.83000183,58.84999847,58.91999817,54.66587448,20792700
24/5/21,59.08000183,59.79999924,58.68999863,59.61000061,55.30605698,18400300
25/5/21,59.5,59.54000092,58.11999893,58.25999832,54.05353165,25616100
26/5/21,58.25,59.11999893,57.90000153,58.93999863,54.68443298,21698700
27/5/21,59.22999954,59.70000076,58.02000046,58.56000137,54.33187103,33556000
28/5/21,58.72999954,58.79999924,58.11000061,58.36999893,54.15558624,19246800
1/6/21,59.45000076,60.70000076,59.45000076,60.45999908,56.0946846,28474200
2/6/21,60.75,61.31000137,60.16999817,60.93999863,56.5400238,22978300
3/6/21,60.54999924,61.40999985,60.34999847,61.18000031,56.76269531,20272800
4/6/21,61.45999908,61.70000076,60.77999878,61.45000076,57.01320267,20427800
7/6/21,61.33000183,61.72999954,61.02000046,61.04999924,56.64208221,15477900
8/6/21,61.5,62.47999954,60.66999817,62.13000107,57.64410782,28953400
9/6/21,62.66999817,63.41999817,62.18999863,62.65000153,58.12656021,29133000
10/6/21,63.61000061,63.97999954,62.25,62.75,58.21934509,27488700
11/6/21,63.00999832,63.18999863,62.13999939,62.16999817,57.68121719,17631700
14/6/21,62.29999924,62.77999878,61.56999969,62.06999969,57.58843613,16997200
15/6/21,62.47999954,64.40000153,62.34999847,64.33000183,59.68526459,30717100
16/6/21,64.31999969,64.80000305,63.56000137,64.09999847,59.47186661,24803200
17/6/21,63.86000061,64.45999908,61.27000046,61.99000168,57.51421738,28491800
18/6/21,61,61.54999924,60.24000168,60.40000153,56.03901672,39590700
21/6/21,60.93000031,62.70000076,60.90000153,62.59000015,58.07089615,33145400
22/6/21,62.84999847,64.01000214,62.22999954,63.79000092,59.18424988,25140400
23/6/21,64.05000305,64.69999695,63.58000183,64.26000214,59.62031937,20701600
24/6/21,64.15000153,64.55999756,63.81000137,64.51999664,59.86153793,19568400
25/6/21,64.61000061,64.93000031,64.36000061,64.66000366,59.99143982,18438300
28/6/21,64.55999756,64.55999756,62.75,63.00999832,58.46057129,20570000
29/6/21,63.20999908,63.77000046,62.59000015,62.61999893,58.09872437,19579300
30/6/21,62.70000076,63.22999954,62.45000076,63.08000183,58.5255127,17875500
1/7/21,64.33000183,64.41999817,62.77000046,63.25999832,58.69251633,22530300
2/7/21,63.00999832,63.31999969,62.41999817,63.16999817,58.60901642,14555300
6/7/21,62.75,62.75999832,60.90000153,61.36999893,56.93897629,22110800
7/7/21,61.18000031,61.81000137,59.61999893,60.40999985,56.04829407,21671400
8/7/21,59.45000076,60.70999908,59.31000137,60.13999939,55.79779053,18935900
9/7/21,60.70000076,61.45000076,60.24000168,61.22999954,56.80908585,20086000
12/7/21,60.41999817,61.5,60.15999985,61.16999817,56.75341797,21809400
13/7/21,61,61.50999832,60.50999832,60.88000107,56.48435974,17147300
14/7/21,61.16999817,61.72999954,59.36000061,59.52999878,55.2318306,21573600
15/7/21,59.16999817,59.70000076,58.77000046,58.95000076,54.69371414,15851100
16/7/21,59.18000031,59.25999832,57.15000153,57.31999969,53.18139267,27049500
19/7/21,55.63999939,56.20000076,54.59999847,55.34999847,51.35363388,37969100
20/7/21,55.5,56.59999847,55.02999878,55.95999908,51.91959,26756100
21/7/21,56.86000061,58.29999924,56.83000183,57.75999832,53.58962631,20908700
22/7/21,57.72999954,57.74000168,56.65999985,57.11000061,52.98656082,13493800
23/7/21,57.29000092,57.29000092,56.47000122,57.04000092,52.92161179,14088200
26/7/21,57.15999985,58.65000153,57,58.47999954,54.25764465,18387600
27/7/21,58.00999832,58.00999832,57.20999908,57.83000183,53.65457916,16861400
28/7/21,58,58.63000107,57.61999893,58.22000122,54.01641846,16855300
29/7/21,59,59.33000183,58.56000137,58.93000031,54.67514801,18607800
30/7/21,58.88000107,58.88000107,57.31999969,57.56999969,53.41334534,28652800
2/8/21,57.54999924,59.06000137,57.40000153,57.58000183,53.42262268,20873800
3/8/21,57.56999969,58.40999985,56.93000031,58.20000076,53.99786377,18208200
4/8/21,57.18999863,57.88000107,56.81000137,56.84000015,52.73605347,20868300
5/8/21,57.13000107,57.70000076,56.83000183,57.20000076,53.07005692,15180200
6/8/21,57.65999985,58.06999969,57.52999878,57.86000061,53.68241119,14888500
9/8/21,57.13000107,57.52000046,56.83000183,57.20000076,53.07005692,17828200
10/8/21,57.41999817,58.36000061,57.29999924,58.18000031,53.97930527,16340200
11/8/21,58.18999863,58.5,57.72000122,58.34999847,54.13702774,18278600
12/8/21,57.40000153,57.79000092,56.86999893,57.34999847,54.0145874,19225500
13/8/21,57.02999878,57.06999969,56.29999924,56.77000046,53.46832657,20063000
16/8/21,56.02000046,56.09000015,55.27000046,55.93999863,52.6865921,16959500
17/8/21,55.5,56.29999924,55,55.56000137,52.32870102,16243700
18/8/21,55.41999817,55.81000137,54.31000137,54.38999939,51.22674561,21890500
19/8/21,53.47000122,53.70999908,52.09999847,52.72999954,49.6632843,30923500
20/8/21,52.27000046,53.13999939,52.11000061,52.74000168,49.6727066,16918300
23/8/21,53.95000076,55.06000137,53.95000076,54.90999985,51.71649933,21632600
24/8/21,55.29000092,55.84999847,55.00999832,55.36000061,52.14032364,17915600
25/8/21,55.24000168,55.77000046,54.86999893,55.45999908,52.23450851,13270300
26/8/21,55.20000076,55.54000092,54.63000107,54.70999908,51.52813339,11842600
27/8/21,55.40000153,56.20999908,55.40000153,55.77000046,52.52648163,15822500
30/8/21,56.24000168,56.34000015,55.11999893,55.15999985,51.95195389,14086100
31/8/21,54.93000031,55.31000137,54.45999908,54.52000046,51.34918213,27104100
1/9/21,54.49000168,54.75999832,53.59999847,53.77000046,50.64279938,21644100
2/9/21,54.29000092,55.63999939,54.27000046,55.08000183,51.8766098,23293300
3/9/21,55.11999893,55.31999969,54.59999847,54.86999893,51.67882538,13840000
7/9/21,54.66999817,55.27000046,54.47000122,54.54999924,51.37744141,14354400
8/9/21,54.79000092,55.18000031,54.00999832,54.04999924,50.90651703,18756700
9/9/21,53.61999893,55,53.29999924,54.09000015,50.94419098,19110800
10/9/21,55.18999863,55.22999954,53.95000076,53.97999954,50.84058762,15123700
13/9/21,54.65000153,55.93000031,54.61999893,55.36999893,52.14974594,22052300
14/9/21,55.68999863,55.77000046,54.40999985,54.58000183,51.40568924,19940300
15/9/21,55.36999893,56.52999878,55.31000137,56.41999817,53.13867569,23240900
16/9/21,56.45999908,56.45999908,55.5,55.81999969,52.57357025,17907200
17/9/21,55.34000015,56.75,55.09999847,55.15999985,51.95195389,30000400
20/9/21,53.77999878,54.16999817,52.95999908,53.68999863,50.56745148,27555100
21/9/21,54.36999893,54.50999832,53.25,53.63999939,50.52035904,19696800
22/9/21,54.43000031,55.90999985,54.36999893,55.20999908,51.99905396,25690600
23/9/21,55.41999817,57.24000168,55.27999878,57.08000183,53.76029205,23069400
24/9/21,56.70000076,57.81999969,56.68000031,57.59000015,54.2406311,22328600
27/9/21,58.84999847,59.79999924,58.81999969,59.29999924,55.85118103,32972200
28/9/21,59.90000153,60.47999954,59.50999832,59.91999817,56.43512344,37619300
29/9/21,59.84000015,60.18999863,59.04999924,59.88000107,56.39745331,23422800
30/9/21,60.11999893,60.16999817,58.81000137,58.81999969,55.39910126,31289600
1/10/21,59.40999985,60.99000168,59.40999985,60.93000031,57.38638306,24407300
4/10/21,61.31999969,62.06999969,60.95000076,61.72000122,58.13043976,33946700
5/10/21,62.52000046,62.70000076,61.02000046,61.61999893,58.03625107,29641600
6/10/21,60.47000122,61.11999893,59.75,60.49000168,56.9719696,25284900
7/10/21,60.61000061,61.08000183,60.13999939,60.65999985,57.13208389,19513600
8/10/21,61.25,62.41999817,61.25,62.18000031,58.56368637,22186900
11/10/21,63.02999878,63.06000137,61.5,61.56000137,57.97974396,22121500
12/10/21,61.56999969,61.97999954,60.84999847,61.24000168,57.67835617,20198600
13/10/21,60.77999878,61.38999939,60.20999908,61.06999969,57.51824188,14991700
14/10/21,61.70999908,62.22000122,61.16999817,62,58.39414978,18594500
15/10/21,62.72999954,63.06999969,62.43999863,62.59000015,58.94984055,16092600
18/10/21,63.09000015,63.13999939,62.27000046,62.56000137,58.92158508,18282800
19/10/21,62.86999893,63.61000061,62.66999817,63.5,59.80691147,18933200
20/10/21,62.88999939,63.86999893,62.72000122,63.84999847,60.13655472,14305200
21/10/21,63.47000122,63.63999939,62.34999847,62.68999863,59.04402161,16564600
22/10/21,62.77000046,63.22000122,62.34999847,63.11999893,59.44901276,14266800
25/10/21,63.72000122,64.41999817,63.58000183,64.34999847,60.60747528,17939800
26/10/21,64.48999786,65.94000244,64.36000061,65.83999634,62.01082993,25585100
27/10/21,65.16000366,65.25,63.97999954,64.12999725,60.40026855,21764500
28/10/21,63.81999969,64.47000122,63.63000107,64.30999756,60.56980133,16626400
29/10/21,65.05000305,65.36000061,64.33000183,64.47000122,60.72050095,23966300
1/11/21,65.06999969,66.08000183,65.01999664,65.62999725,61.81303406,19656400
2/11/21,65.02999878,65.44999695,64.66000366,64.81999969,61.05014801,16300000
3/11/21,64.04000092,64.44999695,63.65999985,63.93000031,60.21190262,17372800
4/11/21,64.68000031,64.88999939,63.83000183,64.41000366,60.66399002,17720100
5/11/21,65.05000305,65.33000183,64.55999756,65.01999664,61.23851013,18565100
8/11/21,65.55000305,66.37999725,65.37999725,65.72000122,61.89780045,17696000
9/11/21,65.76999664,66.37000275,65.30999756,66.36000061,62.50057983,18781300
10/11/21,65.31999969,65.65000153,63.77000046,64.19000244,61.26928329,20177200
11/11/21,64.19000244,64.83000183,64.01999664,64.30999756,61.38381195,13319300
12/11/21,63.95999908,64.37000275,63.58000183,63.81999969,60.91611099,18158900
15/11/21,63.75999832,64.76999664,63.22000122,64.37000275,61.44108963,18849200
16/11/21,64.33999634,65.37000275,64.33999634,65.01999664,62.06150436,17028700
17/11/21,64.37999725,65.23999786,64.18000031,64.30999756,61.38381195,15497000
18/11/21,64.16000366,64.52999878,63.11000061,63.61000061,60.71566772,16948200
19/11/21,61.88999939,62.02999878,60.40999985,60.66999817,57.90943909,32035500
22/11/21,60.31999969,62.54000092,60.31999969,61.50999832,58.7112236,21994400
23/11/21,62.18999863,63.38000107,61.91999817,63.13000107,60.25751114,21185900
24/11/21,62.58000183,63.84999847,62.58000183,63.47999954,60.59158325,15869700
26/11/21,60.52000046,61.41999817,59.54000092,61.25,58.46304703,24979600
29/11/21,62.56999969,63.13999939,61.29000092,61.59000015,58.78758621,18946400
30/11/21,60.45999908,61.18999863,59.65999985,59.84000015,57.11721039,34979800
1/12/21,60.90000153,62.02999878,59.75,59.79000092,57.06948471,30630600
2/12/21,59.74000168,61.58000183,59.13999939,61.27999878,58.49168396,29216000
3/12/21,61.91999817,62.22999954,60.34999847,60.88999939,58.11943054,22014700
6/12/21,61.72000122,62.15999985,61.41999817,61.58000183,58.77803802,19210500
7/12/21,62.34000015,63.02999878,62.09999847,62.27000046,59.43663788,19800400
8/12/21,62.61000061,63.18999863,62.34000015,62.45000076,59.60845184,18214400
9/12/21,62.04999924,62.77000046,61.81000137,62.61000061,59.76116943,16910300
10/12/21,63.27000046,63.34999847,62.22999954,63.00999832,60.14297104,17942400
13/12/21,62.47000122,62.72000122,61.34999847,61.63000107,58.8257637,17793700
14/12/21,61.25999832,62.47000122,61.22000122,61.54000092,58.73985672,22551100
15/12/21,61.18999863,61.5,60.00999832,61.27000046,58.4821434,19961900
16/12/21,61.43999863,62.45000076,61.29999924,61.36999893,58.57758713,21187800
17/12/21,60.95000076,61.27999878,59.68999863,60.02999878,57.2985611,44338100
20/12/21,58.79000092,59.25,57.95999908,59.15999985,56.46814728,21819300
21/12/21,59.75,60.68000031,59.72000122,60.5,57.74717712,19798900
22/12/21,60.34000015,61.36999893,59.97000122,60.99000168,58.2148819,14058300
23/12/21,61.16999817,61.84000015,61,61.02000046,58.24351501,13543300
27/12/21,60.93000031,61.95000076,60.41999817,61.88999939,59.07393265,12593700
28/12/21,61.90999985,62.31000137,61.40000153,61.68999863,58.88303375,12781000
29/12/21,61.47999954,61.59999847,60.91999817,61.15000153,58.3676033,12733600
30/12/21,61.22000122,61.59999847,60.77000046,60.79000092,58.023983,11940300
31/12/21,60.74000168,61.47000122,60.70000076,61.18999863,58.40578079,14072000
3/1/22,61.24000168,63.59999847,61.20999908,63.54000092,60.64884949,24282400
4/1/22,64.12999725,66.19000244,64.09999847,65.93000031,62.9301033,38584000
5/1/22,66.5,67.61000061,66.48000336,66.75,63.71279526,34033300
6/1/22,68,68.48000336,67.06999969,68.31999969,65.21135712,30668500
7/1/22,68.51999664,69.18000031,67.98000336,68.87999725,65.7458725,23985400
10/1/22,68.97000122,69.16999817,67.94999695,68.47000122,65.35453796,22760300
11/1/22,68.88999939,71.40000153,68.58000183,71.34999847,68.10348511,32936100
12/1/22,71.13999939,71.80999756,70.63999939,71.13999939,67.90304565,23045100
13/1/22,71.12000275,71.58000183,70.30999756,70.62999725,67.41624451,21043200
14/1/22,70.65000153,72.15000153,70.59999847,71.87000275,68.59983063,23012900
18/1/22,72.81999969,73.87999725,72.01000214,73.08000183,69.75476837,32841200
19/1/22,73.75,73.86000061,72.55000305,73.11000061,69.78341675,26431600
20/1/22,72.5,74.37000275,72.26000214,73.26999664,69.93612671,26774600
21/1/22,73.18000031,73.18000031,71.04000092,72.16999817,68.88616943,35995200
24/1/22,70.87999725,73.08000183,69.80999756,72.79000092,69.47797394,41507000
25/1/22,72.58999634,75.23999786,71.38999939,74.93000031,71.52059174,39278400
26/1/22,75.43000031,76,73.48999786,74.16999817,70.79517365,35252400
27/1/22,75.45999908,76.01000214,73.98999786,75.12000275,71.7019577,29174700
28/1/22,74.97000122,75.62000275,73.94999695,75.27999878,71.85466766,30595700
31/1/22,74.97000122,76.41999817,74.26999664,75.95999908,72.50373077,36085500
1/2/22,76.44999695,81.51000214,76.26999664,80.83000183,77.15214539,61033100
2/2/22,80.05999756,80.80999756,79.15000153,80.62000275,76.9516983,30299300
3/2/22,80.08999634,80.30999756,79.01999664,79.68000031,76.05446625,28529400
4/2/22,80.87000275,82.52999878,80.87000275,81.41000366,77.70574951,32197500
7/2/22,81.13999939,83.08000183,80.63999939,82.38999939,78.64115906,34949200
8/2/22,82.26999664,82.5,79.91999817,80.26000214,76.608078,34356300
9/2/22,79.58000183,80.02999878,78.70999908,79,76.24134064,40106100
10/2/22,78.72000122,79.68000031,77.79000092,78.23999786,75.50788879,28527700
11/2/22,78.62000275,80.31999969,78.23000336,80.20999908,77.40909576,42002100
14/2/22,79.58000183,79.83999634,77.05000305,78.98000336,76.2220459,34652800
15/2/22,76.90000153,78.19000244,76.41999817,77.98999786,75.26660919,25075100
16/2/22,78.79000092,79.73000336,78.04000092,78.34999847,75.61403656,21733800
17/2/22,78.48000336,79.12000275,77.94999695,78.23000336,75.49823761,23738800
18/2/22,77.16000366,78.16999817,76.88999939,77.36000061,74.65861511,23394800
22/2/22,79.66999817,79.79000092,75.30999756,76.45999908,73.79003906,35947800
23/2/22,76.45999908,77.47000122,76.12999725,76.76999664,74.08921051,25385000
24/2/22,79,79.02999878,74.02999878,75.80000305,73.15309143,46199900
25/2/22,76.69000244,77.98999786,76.26000214,77.83999634,75.12184143,28310300
28/2/22,76.51000214,78.93000031,76.19999695,78.41999817,75.68159485,32204600
1/3/22,78.76999664,80.65000153,78.33000183,79.16999817,76.40541077,40002300
2/3/22,80.59999847,82.15000153,79.81999969,80.52999878,77.71791077,44321400
3/3/22,79.86000061,81.76999664,79.62999725,81.04000092,78.2101059,30196600
4/3/22,81.05000305,84.27999878,80.66000366,84.08999634,81.1536026,42802200
7/3/22,84.91999817,87.23000336,83.90000153,87.12000275,84.07779694,55207900
8/3/22,89.05000305,91.51000214,85.43000031,87.77999878,84.71474457,72082300
9/3/22,84.02999878,86.56999969,81.59999847,82.79000092,79.89900208,65466700
10/3/22,84.01000214,85.68000031,82.90000153,85.36000061,82.3792572,44644200
11/3/22,84.06999969,86.23000336,83.97000122,84.91999817,81.95462036,35303400
14/3/22,83.05999756,83.44999695,80.5,81.87999725,79.02076721,37462600
15/3/22,78.81999969,79.16999817,76.37000275,77.22000122,74.52350616,47957900
16/3/22,77.80999756,78.62000275,76.25,76.93000031,74.24362946,37812300
17/3/22,78.18000031,79.15000153,77.06999969,78.98000336,76.2220459,34041900
18/3/22,79.05999756,79.38999939,78.09999847,78.66999817,75.92285919,41461500
21/3/22,80.12000275,82.51999664,79.73999786,82.19999695,79.32959747,33089300
22/3/22,81.62999725,82.19999695,80.79000092,81.83999634,78.9821701,23132200
23/3/22,83.33999634,84.26999664,83.05000305,83.12999725,80.22711945,27716300
24/3/22,83.45999908,84.65000153,82.75,83.37999725,80.46839905,19871600
25/3/22,82.91999817,85.48999786,82.79000092,85.19999695,82.22483826,22398300
28/3/22,83.16999817,83.30999756,82.01999664,82.80999756,79.91830444,21552400
29/3/22,80.80999756,82.48999786,79.76000214,82.37000275,79.49367523,27036300
30/3/22,83.05999756,84.01000214,82.70999908,83.77999878,80.85442352,22079000
31/3/22,82.87000275,84.40000153,82.55000305,82.58999634,79.70598602,27861500
1/4/22,81.98999786,84.13999939,81.98999786,83.12000275,80.21748352,18671100
4/4/22,83.55999756,83.66000366,82.05000305,83.16000366,80.25608063,20869400
5/4/22,83.5,85.06999969,82.55999756,82.73000336,79.8411026,21753100
6/4/22,83.41999817,84.69999695,82.94000244,83.65000153,80.72896576,24768200
7/4/22,83.83000183,85.44000244,82.70999908,85.05000305,82.08007813,26122000
8/4/22,85.16999817,87.20999908,85.16999817,86.83999634,83.80756378,24866500
11/4/22,85.77999878,85.93000031,83.5,83.84999847,80.92198181,21800100
12/4/22,85.70999908,86.81999969,85.37999725,85.59999847,82.61087036,22444200
13/4/22,86.61000061,87.11000061,85.19000244,86.80999756,83.77861786,19306800
14/4/22,86.66999817,88.45999908,86.23000336,87.83000183,84.76300049,24566400
18/4/22,88.5,88.88999939,87.75,88.55000305,85.45787048,19032300
19/4/22,88.01000214,88.66000366,87.26999664,87.76000214,84.69544983,20382600
20/4/22,87.97000122,88.5,87.30000305,87.95999908,84.88846588,20689400
21/4/22,88.94999695,89.80000305,86.79000092,87.02999878,83.99093628,29010900
22/4/22,86.66000366,88.12000275,85,85.12999725,82.15727997,23591600
25/4/22,82.37000275,82.66000366,79.29000092,82.26000214,79.38751221,37698300
26/4/22,82.73000336,84.72000122,82.18000031,82.29000092,79.41646576,28941500
27/4/22,83.38999939,85.48000336,82.27999878,84.63999939,81.68439484,32773000
28/4/22,84.87999725,88.13999939,84.06999969,87.19999695,84.15500641,33683800
29/4/22,88.13999939,88.13999939,84.69999695,85.25,82.27310181,34656500
2/5/22,85.01000214,87.04000092,84.62999725,86.41000366,83.39260101,36335200
3/5/22,86.26000214,88.77999878,86.12000275,88.19000244,85.11042786,33908100
4/5/22,89.5,91.87999725,88.91000366,91.69999695,88.49785614,46188400
5/5/22,92.04000092,92.05000305,88.38999939,90.30999756,87.15640259,41013400
6/5/22,90.98000336,91.81999969,89.34999847,91.69000244,88.48822021,29619300
9/5/22,89.44000244,89.55999756,84.01999664,84.45999908,81.51068115,45851600
10/5/22,85.63999939,86.88999939,83.51999664,85.01999664,82.05112457,34483200
11/5/22,86.43000031,88.94000244,86.27999878,86.79000092,83.75932312,33020600
12/5/22,85.94999695,86.37999725,83.40000153,86.30000305,84.13955688,29491500
13/5/22,87.36000061,88.94999695,86.34999847,88.86000061,86.63546753,25798400
16/5/22,88.98000336,91.98000336,88.97000122,90.94999695,88.67314911,26101200
17/5/22,91.73000336,92.44999695,91.12000275,92.11000061,89.80410767,23120700
18/5/22,92.51000214,92.91999817,89.83000183,90.65000153,88.38066864,25451200
19/5/22,89,92.30000305,89,91.13999939,88.85839844,24387400
20/5/22,91.93000031,93.58999634,90.40000153,91.86000061,89.5603714,28795000
23/5/22,92.66000366,94.76999664,92.55000305,93.88999939,91.53955078,27239300
24/5/22,92.81999969,94.79000092,92.31999969,94.40000153,92.03678131,24293300
25/5/22,94.58000183,96.52999878,94.47000122,96.30000305,93.88921356,29947800
26/5/22,96.59999847,97.43000031,96.19999695,96.63999939,94.22070313,24314800
27/5/22,95.94999695,97.93000031,95.30000305,97.58999634,95.14691162,25588800
31/5/22,98.55999756,99.77999878,95.70999908,96,93.59673309,44888100
1/6/22,97.01999664,98.70999908,96.62000275,97.83999634,95.39065552,25815400
2/6/22,97.29000092,98.09999847,96.79000092,97.66999817,95.22491455,19089100
3/6/22,97.90000153,99.66000366,97.90000153,99.08999634,96.60936737,21038200
6/6/22,99.18000031,99.77999878,98.66999817,98.83999634,96.36562347,20682100
7/6/22,99.69999695,103.4300003,99.48999786,103.3700027,100.7822266,37810200
8/6/22,103.4899979,105.5699997,102.9800034,104.5899963,101.9716797,31613200
9/6/22,103.4199982,104.5699997,102.1600037,102.3300018,99.76826477,26607000
10/6/22,101.9400024,103.3499985,99.79000092,100.4599991,97.94506836,30950500
13/6/22,97.51999664,97.76999664,93.91999817,95.84999847,93.4504776,33421000
14/6/22,97.41000366,98.66999817,95.26999664,96.09999847,93.6942215,31264000
15/6/22,95.98999786,96.56999969,93.26999664,94.88999939,92.51451111,29620800
16/6/22,92.41000366,93.12999725,90.27999878,91.38999939,89.1021347,35696700
17/6/22,90.95999908,91.34999847,85.66000366,86.12000275,83.96406555,64610200
21/6/22,88.58000183,92.52999878,88.51999664,91.48000336,89.18988037,35951500
22/6/22,87.54000092,89.76000214,87.52999878,87.86000061,85.66049957,29727200
23/6/22,88.66000366,89.05000305,83.51999664,85.20999908,83.07684326,35757200
24/6/22,86.94999695,88.40000153,85.80999756,86.90000153,84.72454071,26639000
27/6/22,87.80999756,90.04000092,87.66999817,89.02999878,86.80121613,25478700
28/6/22,91.12000275,93.23999786,90.34999847,91.5,89.2093811,33096900
29/6/22,92.98000336,93.19999695,87.76000214,88.12000275,85.91399384,25400900
30/6/22,86.13999939,87.59999847,84.66999817,85.63999939,83.49607849,39948100
1/7/22,86.73999786,87.87999725,84.70999908,87.55000305,85.35826111,26327900
5/7/22,86.33999634,86.69999695,83.01000214,84.80999756,82.6868515,34591100
6/7/22,83.76000214,85.23000336,81.01000214,83.27999878,81.19515991,33375700
7/7/22,85.37999725,86.76000214,85.30000305,85.94000244,83.78857422,23817400
8/7/22,86.94999695,87.30000305,84.93000031,86.08000183,83.92506409,17673800
11/7/22,85.16999817,86.12000275,84.36000061,85.63999939,83.49607849,15603800
12/7/22,83.77999878,85.05000305,82.86000061,84.5,82.38462067,21013000
13/7/22,83.37999725,86.30999756,83.30000305,84.83999634,82.7161026,19928600
14/7/22,81.84999847,83.30999756,80.69000244,83.13999939,81.05866241,26343000
15/7/22,84.80000305,84.87999725,82.90000153,84.54000092,82.4236145,17243700
18/7/22,86.58000183,87.94000244,85.75,86.09999847,83.94456482,19395800
19/7/22,86.41999817,88.51999664,86.25,88.26999664,86.06023407,18248900
20/7/22,87.58000183,89.65000153,87.25,89.23999786,87.00595093,16584400
21/7/22,86.93000031,87.80000305,85.20999908,87.75,85.55325317,21375700
22/7/22,87.55000305,88.47000122,86.62999725,87.08000183,84.90002441,15479500
25/7/22,88.16000366,90.12999725,87.41999817,89.98000336,87.72743225,17536400
26/7/22,91.12999725,91.27999878,89,89.62999725,87.38619232,15141200
27/7/22,90.27999878,92,89.40000153,91.56999969,89.27763367,18047000
28/7/22,92.18000031,93.25,91.01000214,92.63999939,90.32084656,20353100
29/7/22,94.44999695,97.51999664,94.09999847,96.93000031,94.50344086,29825800
1/8/22,94.79000092,95.34999847,93.23000336,94.48000336,92.11478424,20793200
2/8/22,94.69000244,95.19999695,93.81999969,94.06999969,91.71504974,16722500
3/8/22,94.41999817,94.41999817,90.79000092,91.01999664,88.74139404,23580800
4/8/22,90.30999756,90.33999634,86.43000031,87.19000244,85.00727844,31821500
5/8/22,86.36000061,89.69000244,86.27999878,88.44999695,86.2357254,17408000
8/8/22,88.61000061,89.59999847,88.22000122,88.94999695,86.7232132,14458500
9/8/22,90.05000305,91.61000061,89.94999695,90.58999634,88.32215881,19083400
10/8/22,90.68000031,91.79000092,89.19000244,91.44999695,89.16062927,18302000
11/8/22,91.83999634,94.30000305,91.44000244,93.19000244,91.73986816,18797900
12/8/22,92.48000336,94.01999664,92.11000061,94,92.53725433,15058200
15/8/22,90.52999878,92.73000336,89.66000366,92.31999969,90.88339233,20755200
16/8/22,92.02999878,92.88999939,91.29000092,91.45999908,90.03678131,14038200
17/8/22,91.26999664,93.20999908,90.91999817,92.19999695,90.76526642,13678000
18/8/22,93.15000153,95.30999756,93.08999634,94.37999725,92.91133881,17770400
19/8/22,94.16000366,95.19999695,93.80000305,94.08000183,92.61601257,16128600
22/8/22,93.41999817,94.48999786,91.86000061,94.01000214,92.54709625,16019900
23/8/22,95.55000305,98.41000366,95.44999695,98,96.47501373,23764700
24/8/22,98.01000214,98.97000122,97.36000061,98.58000183,97.04598999,17050300
25/8/22,98.91999817,99.86000061,98.09999847,99.08999634,97.54804993,15305700
26/8/22,98.76999664,99.91000366,97.41999817,97.87000275,96.34703827,15531400
29/8/22,98.18000031,101.5599976,98.13999939,100.1200027,98.56202698,23059200
30/8/22,98.36000061,98.62000275,95.81999969,96.30999756,94.81130981,17086800
31/8/22,94.02999878,96.83999634,93.58999634,95.58999634,94.10251617,18340900
1/9/22,94.41999817,95.06999969,92.29000092,93.87000275,92.40927887,16423000
2/9/22,96.34999847,96.79000092,95.11000061,95.58999634,94.10251617,18206800
6/9/22,96.16000366,96.58999634,94.51000214,94.94999695,93.47247314,19201500
7/9/22,93.19000244,94.58999634,92.30000305,94.13999939,92.67507172,16274700
8/9/22,94.66000366,95.41999817,93.72000122,94.91000366,93.43309784,18759200
9/9/22,96.51999664,97,95.31999969,96.5,94.99835205,17158000
12/9/22,97.65000153,99.19000244,96.87999725,97.61000061,96.09107971,16118900
13/9/22,96.61000061,97.77999878,94.91000366,95.33000183,93.84656525,18229100
14/9/22,96.19000244,98.55999756,96.15000153,97.66999817,96.15013885,22655700
15/9/22,96.22000122,96.54000092,94.05000305,94.83000183,93.3543396,21092300
16/9/22,95.06999969,95.33999634,92,93.20999908,91.759552,37874700
19/9/22,91.01000214,93.48999786,91,93.19999695,91.74970245,15342100
20/9/22,92.73000336,92.93000031,91.63999939,92.44000244,91.00153351,14712500
21/9/22,93.56999969,93.87999725,90.87000275,90.94999695,89.53472137,17332400
22/9/22,92.19999695,92.66000366,90.51999664,90.56999969,89.16062927,16139400
23/9/22,87.5,87.5,84.84999847,85.75,84.41564178,27738800
26/9/22,84.90000153,86.22000122,83.88999939,83.98000336,82.67317963,22043400
27/9/22,85.61000061,86.95999908,84.80999756,85.73999786,84.40579224,17307300
28/9/22,86.12000275,89.30000305,85.91999817,88.86000061,87.47724152,19543300
29/9/22,88.18000031,89.36000061,87.12999725,88.68000031,87.30004883,17896000
30/9/22,88.16999817,89.04000092,87.30999756,87.30999756,85.95136261,21357600
3/10/22,90.04000092,92.36000061,89.72000122,91.91999817,90.48962402,23881300
4/10/22,93.23999786,95.36000061,92.70999908,95.26999664,93.78749084,22133700
5/10/22,95.75,99.98999786,95.66000366,99.12000275,97.57759094,34857700
6/10/22,98.47000122,102.1800003,98.33000183,102.0599976,100.4718323,29124700
7/10/22,102.1900024,103.3199997,100.1800003,101.0299988,99.45785522,24507600
10/10/22,101.4899979,102.0299988,98.72000122,98.83999634,97.30194092,16786100
11/10/22,97.22000122,99.76000214,96.75,98,96.47501373,17804100
12/10/22,97.5,98.91000366,97.23000336,98.43000031,96.89832306,12635800
13/10/22,97.55000305,102.4499969,97.40000153,101.8700027,100.28479,22019100
14/10/22,101.1200027,102.2399979,99.04000092,99.19000244,97.646492,15222000
17/10/22,101.0699997,101.9700012,100.5,100.6200027,99.054245,14283200
18/10/22,101.5400009,102.3499985,99.23000336,100.8000031,99.23144531,14065400
19/10/22,101.25,103.9899979,101.2300034,103.7900009,102.1749115,20921700
20/10/22,104.3199997,105,103.4100037,103.9300003,102.3127365,17649000
21/10/22,104.4499969,106.4000015,103.9100037,105.8600006,104.2127075,22814100
24/10/22,105.6600037,107.6800003,105.1200027,106.5999985,104.941185,17024200
25/10/22,106.4100037,107.3300018,105.0699997,105.8799973,104.2323914,15719800
26/10/22,106.2600021,107.8300018,106,107.1399994,105.4727859,17383800
27/10/22,108.4100037,109.5800018,107.4199982,107.5500031,105.8764114,18214000
28/10/22,109.4599991,111.2099991,108.1200027,110.6999969,108.9773865,28169400
31/10/22,109.5,112.9100037,109.4400024,110.8099976,109.0856705,26401800
1/11/22,112.3700027,112.5699997,110.6500015,111.9100037,110.1685638,22213100
2/11/22,111.5800018,112.0999985,109.3099976,109.6100006,107.9043427,20654200
3/11/22,108.5800018,111.8199997,108.3099976,111.0999985,109.3711624,17103700
4/11/22,113,113.5,110.8000031,112.3099976,110.5623322,17541500
7/11/22,112.4100037,113.9899979,112.1299973,113.6399994,111.8716354,16008000
8/11/22,113.4800034,114.6600037,112.5999985,114,112.2260361,14661000
9/11/22,113.0999985,113.2799988,108.5699997,108.9000015,107.2053986,19522800
10/11/22,110.1900024,110.6999969,107.5699997,110.5,108.7805023,20146700
11/11/22,112.5800018,114.5,112.4899979,113.9499969,112.1768112,20518900
14/11/22,112.6299973,114.6399994,112.4899979,113.3700027,112.5042953,20858300
15/11/22,113.8000031,114.5299988,112.8700027,114.1299973,113.2584839,19373800
16/11/22,113.4400024,114.2600021,111.8600006,112.9100037,112.0478058,13591000
17/11/22,111.2900009,113.1999969,110.75,113.0599976,112.1966553,12425900
18/11/22,110.9000015,112.4800034,109.6100006,112.0800018,111.224144,15415000
21/11/22,109.9899979,111.1999969,107.4800034,110.9700012,110.1226196,20973000
22/11/22,112.2099991,114.4700012,111.4300003,114.1800003,113.3081055,17719100
23/11/22,112.3199997,113.9499969,112.0999985,113.6100006,112.7424622,11546700
25/11/22,113.8799973,114.6100006,113.0599976,113.2099991,112.3455124,7136000
28/11/22,110.6600037,111.4599991,109.6200027,109.8099976,108.9714737,23015500
29/11/22,110.6100006,111.8000031,109.7900009,110.5400009,109.6959,14453200
30/11/22,111.5400009,111.9000015,109.7799988,111.3399963,110.4897919,23158100
1/12/22,111.6399994,112.0699997,110.1800003,110.8000031,109.9539185,14398300
2/12/22,109.5100021,111.7099991,109.1999969,109.8600006,109.0210953,15248400
5/12/22,110.6999969,111.3600006,105.9400024,106.8499985,106.0340805,19287700
6/12/22,105.9000015,107.0400009,103.1500015,103.8799973,103.0867538,21197000
7/12/22,103.7799988,104.8499985,102.3700027,103.6500015,102.8585129,20061700
8/12/22,106.2799988,106.8000031,103.7099991,104.4199982,103.6226349,21128800
9/12/22,104.5899963,105.9499969,103.3000031,103.5400009,102.7493591,21298200
12/12/22,103.8300018,106.2399979,103.5899963,106.0899963,105.2798767,20413200
13/12/22,107.8000031,108.5400009,107.0199966,107.25,106.4310226,24305300
14/12/22,107.9899979,108.3000031,105.75,106.4599991,105.6470566,17597300
15/12/22,105.3300018,106.1699982,103.6999969,105.4400024,104.6348495,15365100
16/12/22,103.6900024,105.5800018,103.1299973,104.6999969,103.9004974,54596600
19/12/22,105.2600021,106.1999969,104.3799973,105.1699982,104.3669052,13611100
20/12/22,105.1699982,107.5100021,105.0699997,106.6900024,105.8753052,14680000
21/12/22,108.2900009,108.5899963,107.1600037,108.0599976,107.2348404,13565400
22/12/22,107.8899994,108.1900024,104.0999985,105.8799973,105.0714874,13213000
23/12/22,106.9499969,108.7399979,106.9000015,108.6800003,107.8501053,11539400
27/12/22,109.2699966,110.4700012,108.8300018,110.1900024,109.3485794,11962100
28/12/22,109.9100037,110,107.9000015,108.3799973,107.5523911,10702100
29/12/22,107.9899979,109.7200012,107.9899979,109.1999969,108.3661346,10534000
30/12/22,108.6100006,110.5,108.6100006,110.3000031,109.4577408,11799600
3/1/23,109.7799988,110.0199966,105.4899979,106.5100021,105.6966782,15146200
4/1/23,104.8000031,107.1600037,104.7600021,106.8199997,106.0043106,18058400
5/1/23,106.3399963,109.9499969,106.3099976,109.2099991,108.3760605,15946600
6/1/23,110.0800018,111.9899979,109.6699982,110.5299988,109.6859741,16348100
9/1/23,111.6399994,111.6399994,107.8099976,108.4700012,107.6417084,17964600
10/1/23,109.7900009,110.3300018,108.0100021,110.0899963,109.2493362,15104600
11/1/23,110.9899979,111.4499969,109.0899963,111.3700027,110.5195694,16710400
12/1/23,111.8199997,113.7399979,111.7399979,113.2200012,112.3554382,15357300
13/1/23,113.1100006,113.4899979,112.1600037,113.1500015,112.2859726,12011400
17/1/23,113.4100037,114.0800018,112.6699982,112.9300003,112.0676498,16542200
18/1/23,113.2600021,114.1200027,110.4000015,110.6100006,109.7653656,16399700
19/1/23,110.0699997,112.1299973,109.5800018,111.3199997,110.4699478,12928000
20/1/23,111.3600006,113.4400024,110.6100006,113.3499985,112.4844437,16515600
23/1/23,113.6399994,114.5899963,112.6399994,112.7600021,111.8989487,16584400
24/1/23,109.1600037,114.0199966,104.8700027,113.8099976,112.9409332,13583000
25/1/23,113.2300034,113.6500015,111.3899994,113.2099991,112.3455124,11914700
26/1/23,114.7200012,117.7799988,114.3399963,117.7600021,116.8607712,21019700
27/1/23,116.9499969,117.6699982,115.3899994,115.6100006,114.7271881,15179200
30/1/23,115.0899963,115.4899979,113.1500015,113.5599976,112.6928406,18672100
31/1/23,112.0999985,116.4000015,110.4300003,116.0100021,115.1241379,27861800
1/2/23,115.8300018,117.3799973,113.3399963,114.7399979,113.8638306,19464900
2/2/23,114.8499985,115.0699997,109.8300018,111.1500015,110.3012466,24562100
3/2/23,111.9000015,114.1100006,111.5599976,111.9199982,111.065361,20226600
6/2/23,112.3600006,113.0899963,110.3199997,111.7300034,110.8768158,13855200
7/2/23,112.3899994,115.3099976,112.0199966,114.9199982,114.0424576,16013300
8/2/23,115.0500031,115.8300018,113.8499985,113.9199982,113.050087,18459700
9/2/23,114.6200027,116.2399979,114.1800003,114.3499985,113.4768066,17439300
10/2/23,116.5100021,119.6299973,116.1600037,119.1699982,118.2600021,24918600
13/2/23,117.7200012,118.1800003,115.9000015,117.8000031,117.8000031,14536200
14/2/23,117.0100021,117.8099976,116.0199966,116.4199982,116.4199982,12079000
15/2/23,115.7200012,116.0899963,114.1399994,116.0699997,116.0699997,13663400
16/2/23,115.3099976,116.7799988,114.8000031,115.7300034,115.7300034,11360600
17/2/23,114.1900024,114.1900024,110.9800034,111.2799988,111.2799988,20758300
21/2/23,110.8099976,112.3799973,110.8099976,111.1699982,111.1699982,14469400
22/2/23,110.4800034,110.9700012,108.6399994,109.7300034,109.7300034,13973800
23/2/23,110.7300034,111.8300018,109.9000015,110.7399979,110.7399979,11289400
24/2/23,109.3300018,110.9599991,109.0199966,110.75,110.75,14351000
27/2/23,110.8000031,111.2600021,109.9599991,110.5500031,110.5500031,11710500
28/2/23,111.2399979,111.3600006,109.2200012,109.9100037,109.9100037,18107000
1/3/23,109.3099976,111.8600006,109.2399979,110.8899994,110.8899994,13200000
2/3/23,110.6200027,111.6999969,110.1699982,111.4000015,111.4000015,10339900
3/3/23,110.0500031,113.3700027,109.9499969,112.8099976,112.8099976,13006700
6/3/23,111.9899979,113.8399963,111.8700027,113.8099976,113.8099976,14347400
7/3/23,112.8099976,113.1699982,111.1699982,111.6100006,111.6100006,11525300
8/3/23,111.2300034,112.4199982,109.0699997,109.9800034,109.9800034,13509800
9/3/23,110.8700027,112.2300034,109.0299988,109.1299973,109.1299973,12961200
10/3/23,109.5599976,111.0400009,107.1500015,107.7799988,107.7799988,15795700
13/3/23,105.3399963,107.8600006,103.7200012,106.5400009,106.5400009,20745600
14/3/23,106.3499985,109.0100021,104.9599991,106.9400024,106.9400024,18263500
15/3/23,102.8199997,104.1999969,100.2200012,101.6200027,101.6200027,25733800
16/3/23,99.11000061,101.6800003,98.01999664,101.0299988,101.0299988,27465200
17/3/23,100.5999985,101.6100006,99.13999939,99.83999634,99.83999634,43199500
20/3/23,99.62999725,102.4800034,99.5,102.4499969,102.4499969,32042100
21/3/23,104.1699982,107.2799988,104.1299973,107.0400009,107.0400009,31592300
22/3/23,106.8000031,107.1800003,104.5599976,104.5899963,104.5899963,14952700
23/3/23,105.3600006,106.3399963,102.4400024,103.4100037,103.4100037,14385900
24/3/23,101.4700012,103.8499985,100.9100037,103.5299988,103.5299988,13401600
27/3/23,104.7399979,106.4800034,103.9100037,105.8000031,105.8000031,14805900
28/3/23,105.4400024,107.6500015,105.1900024,107.1200027,107.1200027,11047600
29/3/23,108.0599976,109.1600037,107.4899979,108.9599991,108.9599991,14219100
30/3/23,109.5500031,109.5699997,108.5199966,109.4899979,109.4899979,11578200
31/3/23,109.6800003,110.1699982,109.0500031,109.6600037,109.6600037,14416800
3/4/23,113.3899994,116.8499985,113.1200027,116.1299973,116.1299973,28087700
4/4/23,116.2600021,116.6999969,114.1699982,115.0199966,115.0199966,16365500
5/4/23,115.3499985,117,114.3099976,116.9899979,116.9899979,16479500
6/4/23,116.8600006,117.1800003,114.7699966,115.0500031,115.0500031,15778000
10/4/23,114.7799988,116.1800003,114.1699982,114.5400009,114.5400009,13006600
11/4/23,114.9599991,116.1999969,114.3799973,115.3499985,115.3499985,11758500
12/4/23,116.1600037,116.5899963,114.9300003,115.2300034,115.2300034,10919000
13/4/23,114.5999985,115.8899994,114.1299973,115.7699966,115.7699966,12399700
14/4/23,115.9000015,116.6600037,115.1200027,116.0500031,116.0500031,11529900
17/4/23,115.4899979,116.5100021,114.4199982,114.6999969,114.6999969,13260400
18/4/23,114.3899994,117.2099991,114.3000031,116.9400024,116.9400024,17436100
19/4/23,116.0800018,116.9000015,115.7699966,116.5699997,116.5699997,10682600
20/4/23,115.1299973,115.6800003,113.2300034,115.6399994,115.6399994,17038700